id,label,size,topics
https://www.studenti.unige.it,,5595,68
/orientamento/opendaycorsi/,,1,38
/orientamento/simulazionetest/,,1,3
/Unigeprint/,,1,6
/offertaformativa/lauree,,1,5
/offertaformativa/laureemagistrali,,1,5
/orientamento/studiareagenova/,,1,36
/orientamento/pubblicazioni/,,1,35
/iscrizioni/immatricolazioni/preiscrizioni_test/,,1,6
/portalescuole/,Portale Scuole UNIGE,771716,68
/orientamento/convenzioni/,,1,6
/postlaurea/formazioneinsegnanti/,,1,56
/portalescuole/pls/,,1,8
/orientamento/iris/,,1,6
/portalescuole/incontri/,,1,6
/portalescuole/glues/,,1,6
/portalescuole/seminari/,,1,356
/portalescuole/eventi/,,1,8
/tasse/importi/,Contribuzione studentesca a.a. 2018/19,5208,6
/tasse/importi/en/,,1,568
/tasse/certificazione/,,1,
/tasse/pagamento_online/,,1,6
/iscrizioni/tempo_pienoparz/,,1,6
/tasse/importi/gruppi_contributivi/,,1,6
/tasse/importi/esoneri,,1,6
/unigepericampioni/,"Programma ""UNIGE per i campioni"" seconda edizione",3713,6
/modulistica/,Modulistica,3381,68
/postlaurea/master/,,1,8
/areaint/,Area internazionale,2065,3
/enrolment/italians/internat_degree,,1,
/areaint/titoloesteroch,,1,
/orientamento/spaziogenitori/,Spazio genitori,1849,16
/sites/www.studenti.unige.it/files/DR%203138%20del%205072018_Bando%20Medicina%20e%20Odontoiatria_firmato.pdf,,1,
/sites/www.studenti.unige.it/files/DR%203139%20del%205072018_Bando%20Scienze%20dell%27Architettura_firmato.pdf,,1,
/portalescuole/eventi/convegnoasl_atti/,,1,56
/areaint/studiareestero/,Studiare all'estero,1754,6
/areaint/studiareestero/erasmusplus/,,1,6
/tasse/certificazione,,1,6
/studenti_unige/,Studenti UNIGE,1221,45
/servizi,,1,06
/orientamento/valutazione,,1,6
/future_matricole/,Future Matricole,2158,6
/orientamento/,,1,6
/Issuge_anni_precdenti/,ISSUGE - Anni precedenti,20893,68
/sites/www.studenti.unige.it/files/Bando%20nuovo%20IEB-ISSUGE.pdf,,1,
/sites/www.studenti.unige.it/files/BandoIAS-ISSUGE.pdf,,1,
/postlaurea/master/modmaster/,,1,8
/sites/www.studenti.unige.it/files/master/1Bando%20Mawe%202018-2019%20da%20pubblicare%281%29.pdf,,1,
/sites/www.studenti.unige.it/files/master/Bando%20Cybersecurity%202018-2019-II%20ed%20DA%20PUBBL.pdf,,1,
/sites/www.studenti.unige.it/files/master/DR%204891%20Master%20Digital%20Dentistry-I%20ed-1819%20firmato.pdf,,1,
/postlaurea/master/scaduti/,,1,8
/postlaurea/attivazione,,1,68
/postlaurea/master/scaduti/chiusi,,1,8
/sass/chi/,,1,
/tasse/benefici/familiari/,,1,6
/tasse/iseeuparificato/,,1,
/sass/,,1,
/sass/en,,1,
/sass/chi/perm,,1,
/sass/chi/all,,1,
/sass/chi/codf/,,1,
/sass/chi/assa/,,1,
/sass/chi/bus/,,1,
/sass/chi/link/,,1,
/sass/chi/banc/,,1,
/postlaurea/master/scaduti,,1,
/postlaurea/master,,1,
/sites/www.studenti.unige.it/files/master/giurista2018.pdf,,1,
/sites/www.studenti.unige.it/files/master/DR%204890%20del%209_10_2018%20firmato_0.pdf,,1,
/sites/www.studenti.unige.it/files/master/DR%20modifica%20bando.pdf,,1,
/sites/www.studenti.unige.it/files/master/DR%203386%20Bando%20Master%20Infermieristica%20area%20critica-1819%20firmato.pdf,,1,
/sites/www.studenti.unige.it/files/master/D.R.%204882%20riapertura%20Bando%20area%20critica.pdf,,1,
/sites/www.studenti.unige.it/files/master/DR%206348%20del%2021%20dicembre%20firmato.pdf,,1,
/sites/www.studenti.unige.it/files/master/DR%203388%20Bando%20Master%20Management%20professioni%20sanitarie-1819%20firmato%281%29.pdf,,1,
/sites/www.studenti.unige.it/files/master/D.R.%205027%20%20Management%20professioni%20sanitarie%20nuova%20scadenza.pdf,,1,
/sites/www.studenti.unige.it/files/master/DR%206350%20firmato%20management.pdf,,1,
/sites/www.studenti.unige.it/files/master/Bando%20Pratiche%20di%20Filosofia-20182019-I%20ed.pdf,,1,
/sites/www.studenti.unige.it/files/master/Bando%20Master%20RDM%202018-2019%20firmato%20def.pdf,,1,
/sites/www.studenti.unige.it/files/master/D.R.%20%205708%20del%2020-11-2018%20%20aumento%20%20n.%20max_1.pdf,,1,
/sites/www.studenti.unige.it/files/master/Bando_Master%20DIGITAL%20FORENSICS%20da%20pubbl.pdf,,1,
/sites/www.studenti.unige.it/files/master/Bando_Master%20CYBER%20DEFENCE%20da%20pubbl.pdf,,1,
/sites/www.studenti.unige.it/files/master/Bando%20Laser%20Dentistry%201819da%20pubbl.pdf,,1,
/sites/www.studenti.unige.it/files/master/Bando%20Master%20Implantoprotesi-VII%20ed.pdf,,1,
/sites/www.studenti.unige.it/files/master/D.R.%205582%20riapertura%20domande%20online.pdf,,1,
/sites/www.studenti.unige.it/files/master/Bando_CARIGE%20Dr%203376%20del%2018.07.2018%20firmato.pdf,,1,
/sites/www.studenti.unige.it/files/master/Bando%20Linfologia-XIV%20ed-1819%20firmato.pdf,,1,
/sites/www.studenti.unige.it/files/master/D.R.%20181%20ORIGINALE%20.pdf,,1,
/sites/www.studenti.unige.it/files/master/D.R.%20n.%202159%20del%2022_05_2018%20.pdf,,1,
/sites/www.studenti.unige.it/files/master/D.R.%203795%20del%2011%20ottobre%202017%20firmato.pdf,,1,
/sites/www.studenti.unige.it/files/master/D.R.%20424%20F.TO_.pdf,,1,
/sites/www.studenti.unige.it/files/master/Bando%20Master%20Clinica%20Linfologica-XIV%20ed-1819%20firmato.pdf,,1,
/sites/www.studenti.unige.it/files/modulistica/Regolamento%20551_100215.pdf,,1,
/sites/www.studenti.unige.it/files/modulistica/allegato_1.1_scheda_progetto_master.doc,,1,
/sites/www.studenti.unige.it/files/master/DR%206351%20del%2023122018-Bando%20da%20pubblicare.pdf,,1,
/postlaurea/master/scaduti/chiusi/?page=10,Master universitari scaduti,10499,8
/sites/www.studenti.unige.it/files/master/diritto_tributario13_rev2.pdf,,1,
/sites/www.studenti.unige.it/files/master/riapdirittotrib-XI-13-14.pdf,,1,
/sites/www.studenti.unige.it/files/master/clinica_linfologica7-08-2013.pdf,,1,
/sites/www.studenti.unige.it/files/master/mpl_linfologia7-08-2013_0.pdf,,1,
/postlaurea/master/scaduti/chiusi/?page=8,Master universitari scaduti,36288,8
/sites/www.studenti.unige.it/files/master/MPL_risonanza_magnetica_14_15.pdf,,1,
/sites/www.studenti.unige.it/files/master/MPL_Trad_tecnica%20Elett%20Macc_14-15_def.pdf,,1,
/sites/www.studenti.unige.it/files/master/laserdentistry14.pdf,,1,
/sites/www.studenti.unige.it/files/master/MPLgiurista_2014-2015.pdf,,1,
/sites/www.studenti.unige.it/files/master/MPL_MIPA_%20VIII%20ed%202014-2015_0_0.pdf,,1,
/sites/www.studenti.unige.it/files/master/rettifica3110.pdf,,1,
/sites/www.studenti.unige.it/files/master/Avviso%20Mipa2-1.pdf,,1,
/sites/www.studenti.unige.it/files/master/EngMaritime.pdf,,1,
/sites/www.studenti.unige.it/files/master/MPL%20Riabmuscolosche2014-15%206-8.pdf,,1,
/sites/www.studenti.unige.it/files/master/MSL%2BImplantoprotesi_24-07-2014.pdf,,1,
/sites/www.studenti.unige.it/files/master/RiapImplantoprotesi14-15.pdf,,1,
/sites/www.studenti.unige.it/files/master/MPL_Linfologia2014_2015%281%29.pdf,,1,
/sites/www.studenti.unige.it/files/master/MSL_Clinicalinfologica2014-2015.pdf,,1,
/sites/www.studenti.unige.it/files/master/MSL%20MAWE%2023-4-2014-1_0.pdf,,1,
/sites/www.studenti.unige.it/files/master/RiapMawe14_15.pdf,,1,
/sites/www.studenti.unige.it/files/master/infermieristicaforense15-05-2014.pdf,,1,
/sites/www.studenti.unige.it/files/master/RiapInfermieristicaForense.pdf,,1,
/sites/www.studenti.unige.it/files/master/emostasi14.pdf,,1,
/sites/www.studenti.unige.it/files/master/trasfusionale14.pdf,,1,
/sites/www.studenti.unige.it/files/master/MSL_global_rule31-03-2014.pdf,,1,
/sites/www.studenti.unige.it/files/master/riapGROL-II-liv14_15.pdf,,1,
/postlaurea/master/scaduti/chiusi/?page=5,Master universitari scaduti,38156,8
/sites/www.studenti.unige.it/files/master/didatticapsicopedag16.pdf,,1,
/sites/www.studenti.unige.it/files/master/MPL%20D.R.%201837%20firmato2807.pdf,,1,
/sites/www.studenti.unige.it/files/master/D.R.%204046%20%20aumento%20posti%20disponibili.pdf,,1,
/sites/www.studenti.unige.it/files/master/bando_laserdentistry.pdf,,1,
/sites/www.studenti.unige.it/files/master/D.R.%202615%20del%202_8_2016%20BANDO%20firmato.pdf,,1,
/sites/www.studenti.unige.it/files/master/D.R.%202736%20del%208_8_2016%20BANDO%20firmato.pdf,,1,
/sites/www.studenti.unige.it/files/master/geomaticamarina_rev.pdf,,1,
/sites/www.studenti.unige.it/files/master/competenze_risonanzamagnetica16.pdf,,1,
/sites/www.studenti.unige.it/files/master/Decreto%20Riapertura%20%20Competenze%20spe.%20Risonanza%20magnetica%20firmato%20rettore.pdf,,1,
/sites/www.studenti.unige.it/files/master/Bando.pdf,,1,
/sites/www.studenti.unige.it/files/master/Globalrule16.pdf,,1,
/sites/www.studenti.unige.it/files/master/infemieristica_forense16.pdf,,1,
/sites/www.studenti.unige.it/files/master/Decreto%20Riapertura%202015_2016_firmato.pdf,,1,
/sites/www.studenti.unige.it/files/master/omcoplastica15.pdf,,1,
/sites/www.studenti.unige.it/files/master/Decreto%20Riapertura%20Firmato%20%20Oncoplastica%20mammaria2015_2016.pdf,,1,
/sites/www.studenti.unige.it/files/master/DR%2011528%20del%2030_12_2015%281%29.pdf,,1,
/sites/www.studenti.unige.it/files/master/bando_mipet2016.pdf,,1,
/sites/www.studenti.unige.it/files/master/AVVISO%20IMPORTANTE.pdf,,1,
/sites/www.studenti.unige.it/files/master/infermieristica_areacritica16.pdf,,1,
/sites/www.studenti.unige.it/files/master/Decreto%20proroga%20674%20firmato.doc,,1,
/sites/www.studenti.unige.it/files/master/infermieristica_oncoematologia16.pdf,,1,
/sites/www.studenti.unige.it/files/master/Decreto%20Riapertura%20418%20infermieristica.pdf,,1,
/sites/www.studenti.unige.it/files/master/Decreto%20II%20%20Riapertura_Oncoematologia.pdf,,1,
/sites/www.studenti.unige.it/files/master/Bandocompetenzeradio16.pdf,,1,
/postlaurea/master/scaduti/chiusi/?page=7,Master universitari scaduti,37669,8
/sites/www.studenti.unige.it/files/master/dr6068firma.pdf,,1,
/sites/www.studenti.unige.it/files/master/decreto_posti_disponibili.pdf,,1,
/sites/www.studenti.unige.it/files/master/impiantoprotesi15.pdf,,1,
/sites/www.studenti.unige.it/files/master/MSL%20Dentistry.pdf,,1,
/sites/www.studenti.unige.it/files/master/global_rule_v_ed.pdf,,1,
/sites/www.studenti.unige.it/files/master/D.R.7139.pdf,,1,
/sites/www.studenti.unige.it/files/master/MSLNanobiotechnology2014.pdf,,1,
/sites/www.studenti.unige.it/files/master/mipet_8_4_2015.pdf,,1,
/sites/www.studenti.unige.it/files/master/mipet_dim_numero_massimo.pdf,,1,
/sites/www.studenti.unige.it/files/master/MSLScienze_polizia%2014-15.pdf,,1,
/sites/www.studenti.unige.it/files/master/MPL_Trad_giuridico_14-15_def.pdf,,1,
/sites/www.studenti.unige.it/files/master/ProrogaTraduzioneGiuridico14-15-2.pdf,,1,
/sites/www.studenti.unige.it/files/master/MPL_trad_economico-14-15_def_0.pdf,,1,
/sites/www.studenti.unige.it/files/master/ProrogaTraduzioneEconomica14-15-2.pdf,,1,
/sites/www.studenti.unige.it/files/master/ProrogaTraduzioneTecnica14-15-2.pdf,,1,
/sites/www.studenti.unige.it/files/master/MPL_Trad_tecnica%20Elett%20Macc_14-15_def_0.pdf,,1,
/sites/www.studenti.unige.it/files/master/infermieristica_critica14-15rev.pdf,,1,
/sites/www.studenti.unige.it/files/master/MPL_Manag_inferm_ost14_15.pdf,,1,
/sites/www.studenti.unige.it/files/master/MSL_Cyber_2014_2015%281%29.pdf,,1,
/sites/www.studenti.unige.it/files/master/proroga_cyber_15.pdf,,1,
/sites/www.studenti.unige.it/files/master/DIM_Cyber_2014_2015-1.pdf,,1,
/sites/www.studenti.unige.it/files/master/msl_teledidatticaviii14.pdf,,1,
/sites/www.studenti.unige.it/files/master/RettificaTeledidattica14-15.pdf,,1,
/postlaurea/master/scaduti/chiusi/?page=6,Master universitari scaduti,41385,8
/sites/www.studenti.unige.it/files/master/epict16.pdf,,1,
/sites/www.studenti.unige.it/files/master/trad_giuridico2015.pdf,,1,
/sites/www.studenti.unige.it/files/master/decreto%20proroga%20termini_0.pdf,,1,
/sites/www.studenti.unige.it/files/master/decreto%20proroga%20ulteriore.pdf,,1,
/sites/www.studenti.unige.it/files/master/domanda_iscrizione.doc,,1,
/sites/www.studenti.unige.it/files/master/medicina_trasfusionale15.pdf,,1,
/sites/www.studenti.unige.it/files/master/DR%2011523%20del%2030_12_2015.pdf,,1,
/sites/www.studenti.unige.it/files/master/emostasi_profsan_15.pdf,,1,
/sites/www.studenti.unige.it/files/master/DR%2011525_30_12_2015.pdf,,1,
/sites/www.studenti.unige.it/files/master/emostasi_15.pdf,,1,
/sites/www.studenti.unige.it/files/master/DR%2011529%20del%2030_12_2015.pdf,,1,
/sites/www.studenti.unige.it/files/master/trad_economico_finanza.pdf,,1,
/sites/www.studenti.unige.it/files/master/decreto%20proroga%20termini.pdf,,1,
/sites/www.studenti.unige.it/files/master/trad_tecnica_elett2015.pdf,,1,
/sites/www.studenti.unige.it/files/master/decreto%20proroga%20termini_1.pdf,,1,
/sites/www.studenti.unige.it/files/master/managemente_profsan_ostetriche16.pdf,,1,
/sites/www.studenti.unige.it/files/master/bando_mipa15.pdf,,1,
/sites/www.studenti.unige.it/files/master/decreto_riapertura_termini.pdf,,1,
/sites/www.studenti.unige.it/files/master/decreto%20nuova%20riapertura%20termini.pdf,,1,
/sites/www.studenti.unige.it/files/master/cybersecurity_16.pdf,,1,
/sites/www.studenti.unige.it/files/master/D.R.%20229%20Firmato-22.pdf,,1,
/sites/www.studenti.unige.it/files/master/Decreto_prorogaMAWE.pdf,,1,
/sites/www.studenti.unige.it/files/master/BANDO%20GIURISTA%20DIMPRESA%20_2015-2016_def-1_firmato-2.doc,,1,
/sites/www.studenti.unige.it/files/master/avviso_graduatoria.doc,,1,
/sites/www.studenti.unige.it/files/master/criminologia15.pdf,,1,
/sites/www.studenti.unige.it/files/master/riapertura_criminologia.pdf,,1,
/sites/www.studenti.unige.it/files/master/MSL_Mawe15.pdf,,1,
/sites/www.studenti.unige.it/files/master/advanced_welding_proroga.pdf,,1,
/sites/www.studenti.unige.it/files/master/Linfologia%20mpl.pdf,,1,
/sites/www.studenti.unige.it/files/master/D.R.%209082%20Master%20di%20I%20livello%20in%20Linfologia-modiifca%20data%20prova%20di%20ammissione.pdf,,1,
/sites/www.studenti.unige.it/files/master/Clinica%20linfologica%20msl.pdf,,1,
/sites/www.studenti.unige.it/files/master/D.R.%209083%20Master%20II%20liv.%20Clinica%20Linfologica%2C%20Chirurgia%20dei%20Linf%20e%20Microchirugia_Richiesta%20modifica%20data%20ammissioneFirmato.pdf,,1,
/postlaurea/master/scaduti/chiusi/?page=4,Master universitari scaduti,36126,8
/sites/www.studenti.unige.it/files/master/GlobalRuleDRn733.pdf,,1,
/sites/www.studenti.unige.it/files/master/D.R.%20n.%20639%20Epict.pdf,,1,
/sites/www.studenti.unige.it/files/master/D.R.%204474%20del%2023_12_2016%20%20F.TO_.pdf,,1,
/sites/www.studenti.unige.it/files/master/D.R.%204471%20del%2023_12_2016%20F.TO_.pdf,,1,
/sites/www.studenti.unige.it/files/master/mipa17.pdf,,1,
/sites/www.studenti.unige.it/files/master/D.R.%20306%20proroga.pdf,,1,
/sites/www.studenti.unige.it/files/master/D.R.%20406%20del%2010.02.2017%20BANDO%20F.TO_.pdf,,1,
/sites/www.studenti.unige.it/files/master/D.R.%20297%20del%2001_02_2017%20F.TO%20Bando.pdf,,1,
/sites/www.studenti.unige.it/files/master/formazione%20tutoriale16.pdf,,1,
/sites/www.studenti.unige.it/files/master/D.R.%20n.%203677%20del%2003_11_2016.pdf,,1,
/sites/www.studenti.unige.it/files/master/proroga_traduzionedeilinguaggi.pdf,,1,
/sites/www.studenti.unige.it/files/master/decreto1008.pdf,,1,
/sites/www.studenti.unige.it/files/master/D.R.%202952%20del%2015set2016%20firmato-1.pdf,,1,
/sites/www.studenti.unige.it/files/master/D.R.%202750%20del%2009_08_2016%20BANDO%20F.TO_.pdf,,1,
/sites/www.studenti.unige.it/files/master/decreto_chemicals.pdf,,1,
/sites/www.studenti.unige.it/files/master/D.R%20%202748%20del%2009_08_2016%20BANDO%20F.TO%20.pdf,,1,
/sites/www.studenti.unige.it/files/master/mawe_rev.pdf,,1,
/sites/www.studenti.unige.it/files/master/D.R.%202614%20del%202_8_2016%20BANDO%20firmato.pdf,,1,
/sites/www.studenti.unige.it/files/master/D.R.%202616%20del%202_8_2016%20BANDO%20firmato.pdf,,1,
/postlaurea/master/scaduti/chiusi/?page=2,Master universitari scaduti,36792,8
/sites/www.studenti.unige.it/files/master/D.R.%20169%20ORIGINALE%20.pdf,,1,
/sites/www.studenti.unige.it/files/master/D.R.%20170%20ORIGINALE%20.pdf,,1,
/sites/www.studenti.unige.it/files/master/D.R.n.%204164%20deL%2031.10.2017%20F.TO%20.pdf,,1,
/sites/www.studenti.unige.it/files/master/D.R.%20234%20F.TO_.pdf,,1,
/sites/www.studenti.unige.it/files/master/D.R.%20n.%204165%20del%2031.10.2017%20F.TO%20.pdf,,1,
/sites/www.studenti.unige.it/files/master/D.R.%20260%20F.TO%20.pdf,,1,
/sites/www.studenti.unige.it/files/master/DR%20157%20del%2016.01.2018%20fto.pdf,,1,
/sites/www.studenti.unige.it/files/master/DR%20n.%20173%20del%2017.01.2018%20fto.pdf,,1,
/sites/www.studenti.unige.it/files/master/D.R.%20508%20F.TO_.pdf,,1,
/sites/www.studenti.unige.it/files/master/D.R.%20172%20ORIGINALE.pdf,,1,
/sites/www.studenti.unige.it/files/master/D.R.%20184%20ORIGINALE.pdf,,1,
/sites/www.studenti.unige.it/files/master/D.R.%20160%20ORIGINALE%20.pdf,,1,
/sites/www.studenti.unige.it/files/master/DR%20n.%20158%20del%2016.01.2018%20fto.pdf,,1,
/sites/www.studenti.unige.it/files/master/D.R.%20n.%20743%20del%2026.02.2018%20.pdf,,1,
/sites/www.studenti.unige.it/files/master/D.R.%20n.%20236%20del%2023.1.2018%20BANDO%20FTO.pdf,,1,
/sites/www.studenti.unige.it/files/master/D.R.%20n.%20553%20del%2015_02_2018INTEGRAZIONI%20firmato.pdf,,1,
/sites/www.studenti.unige.it/files/master/D.R.%20riapertura%20termini%20.pdf,,1,
/sites/www.studenti.unige.it/files/master/D.R.%20n.%203613%20del%202.10.2017%20F.TO_.pdf,,1,
/sites/www.studenti.unige.it/files/master/D.R.%205104%20del%2022.12.2017%20BANDO%20F.TO%281%29.pdf,,1,
/sites/www.studenti.unige.it/files/master/D.R.%203927%20del%2019102017%20firmato.pdf,,1,
/postlaurea/master/scaduti/chiusi/?page=3,Master universitari scaduti,39125,8
/sites/www.studenti.unige.it/files/master/DR%20159%20del%2016.1.2018%20fto.pdf,,1,
/sites/www.studenti.unige.it/files/master/DR%202989%20del%209_8_17.pdf,,1,
/sites/www.studenti.unige.it/files/master/D.R.%20n.3792%20del%2011%20ottobre%202017%20%20%28proroga%29%20firmato.pdf,,1,
/sites/www.studenti.unige.it/files/master/BANDO%20I%20Livello%2020172018%20DEF%20firmato..pdf,,1,
/sites/www.studenti.unige.it/files/master/D.R.%203798%20del%2011%20ottobre%202017%20BANDO%20II%20Livello%2020172018%20DEF.pdf,,1,
/sites/www.studenti.unige.it/files/master/D.R.%20n%202503%20del%2011_07_2017%20FTO.pdf,,1,
/sites/www.studenti.unige.it/files/master/D.R.%204694%20del%2028_11_2017%20aumento%20%20n.%20max.pdf,,1,
/sites/www.studenti.unige.it/files/master/DR%202990%20del%209_8_17.pdf,,1,
/sites/www.studenti.unige.it/files/master/D.R.%20n.%203998%20del%2024_10_2017%20F.TO_.pdf,,1,
/sites/www.studenti.unige.it/files/master/D.R.%20n.%202813%20del%201_8_2017%20BANDO.pdf,,1,
/sites/www.studenti.unige.it/files/master/D.R.%20966%20del%2017_3_2017%20Bando%20F.TO_.pdf,,1,
/sites/www.studenti.unige.it/files/master/D.R.%20n.%201883%20del%2026.05.2017%20FTO.pdf,,1,
/sites/www.studenti.unige.it/files/master/MPL%20D.R.%20%20307%20%20del%2002.02.2017%20firmato.pdf,,1,
/sites/www.studenti.unige.it/files/master/DR%202164%20riapertura%20del%2016_06_2017%20firmato.pdf,,1,
/sites/www.studenti.unige.it/files/master/DR%202473%20del%2011_07_2017%20Fto.pdf,,1,
/sites/www.studenti.unige.it/files/master/Bando%20oncoplastica%20DR%202818%20del%201_8_17%20firmato.pdf,,1,
/sites/www.studenti.unige.it/files/master/D.R.%20n.%201882%20del%2026.05.2017%20FTO.pdf,,1,
/sites/www.studenti.unige.it/files/master/DR%20%20n.%202812del%2001_08_2017%20%20riapertura%20.pdf,,1,
/sites/www.studenti.unige.it/files/master/D.R.%202127%20del%2013.06.217%20BANDO%20FTO.pdf,,1,
/sites/www.studenti.unige.it/files/master/DR%202645%20firmato.pdf,,1,
/sites/www.studenti.unige.it/files/master/nota%20miur.pdf,,1,
/sites/www.studenti.unige.it/files/master/bando_indicazioni.pdf,,1,
/sites/www.studenti.unige.it/files/master/D.R.%20n.%202023%20del%207_6_2017.pdf,,1,
/sites/www.studenti.unige.it/files/master/bando_organizzazione.pdf,,1,
/sites/www.studenti.unige.it/files/master/D.R.%20n.%202025%20del%207_5_2017.pdf,,1,
/postlaurea/master/scaduti/chiusi/?page=1,Master universitari scaduti,36895,8
/sites/www.studenti.unige.it/files/master/D.R.%20182%20ORIGINALE%20.pdf,,1,
/sites/www.studenti.unige.it/files/master/Bando%20Posturologia%201819%20DA%20PUBBL.pdf,,1,
/sites/www.studenti.unige.it/files/master/D.R.%20n.%20436%20del%208_02_2018.pdf,,1,
/sites/www.studenti.unige.it/files/master/D.R.%20167%20ORIGINALE%20.pdf,,1,
/sites/www.studenti.unige.it/files/master/DR%201316%20firmato.pdf,,1,
/sites/www.studenti.unige.it/files/master/Modifica%20Bando%20%28riapertura%20termini%29%20Industria%204.0.pdf,,1,
/sites/www.studenti.unige.it/files/master/DR%20n.%20174%2017.01.2018%20fto.pdf,,1,
/sites/www.studenti.unige.it/files/master/D.R.%20n.%20741%20del%2026_02_2018%20INTEGRAZIONI.pdf,,1,
/sites/www.studenti.unige.it/files/master/DR%201994%20del%2015_05_2018riaperture%20domande%20di%20ammissione.pdf,,1,
/sites/www.studenti.unige.it/files/master/DR%201248%20firmato.pdf,,1,
/sites/www.studenti.unige.it/files/master/Bando%20Global%20Rule%2018-19%20da%20pubbl.pdf,,1,
/sites/www.studenti.unige.it/files/master/D.R.%20183%20ORIGINALE.pdf,,1,
/sites/www.studenti.unige.it/files/master/D.R%20.166%20ORIGINALE%20.pdf,,1,
/sites/www.studenti.unige.it/files/master/D.R.%20163%20ORIGINALE%20.pdf,,1,
/sites/www.studenti.unige.it/files/master/D.R%20.165%20ORIGINALE%20.pdf,,1,
/sites/www.studenti.unige.it/files/master/D.R.%20164%20ORIGINALE%20.pdf,,1,
/sites/www.studenti.unige.it/files/master/D.R.%20n.%20509%20F.TO_.pdf,,1,
/sites/www.studenti.unige.it/files/master/D.R.%20162%20ORIGINALE.pdf,,1,
/sites/www.studenti.unige.it/files/master/D.R.%20168%20ORIGINALE%20.pdf,,1,
/sites/www.studenti.unige.it/files/master/D.R.%20171%20ORIGINALE.pdf,,1,
/postlaurea/master/scaduti/chiusi/,Master universitari scaduti,38162,
/postlaurea/master/scaduti/chiusi/?page=9,Master universitari scaduti,36653,8
/sites/www.studenti.unige.it/files/master/MSL%20Progettista%20Edile_01-08-2014.pdf,,1,
/sites/www.studenti.unige.it/files/master/Riapprogettistaedile.pdf,,1,
/sites/www.studenti.unige.it/files/master/Avviso%20Progettista%20Edile.doc,,1,
/sites/www.studenti.unige.it/files/master/MPL_Esperto_biotecn_prod_alimentari_18-07-2014.pdf,,1,
/sites/www.studenti.unige.it/files/master/geomatica_2014.pdf,,1,
/sites/www.studenti.unige.it/files/master/MSL_System_30-7-2014.pdf,,1,
/sites/www.studenti.unige.it/files/master/msl_mipetv13-02-14.pdf,,1,
/sites/www.studenti.unige.it/files/master/International%20Student%20Guidelines.pdf,,1,
/sites/www.studenti.unige.it/files/master/masmet13-14.pdf,,1,
/sites/www.studenti.unige.it/files/master/bioeticaapplcampsan031213.pdf,,1,
/sites/www.studenti.unige.it/files/master/manag_inferm_ost14.pdf,,1,
/sites/www.studenti.unige.it/files/master/MPL_trad_economico-13-14_def.pdf,,1,
/sites/www.studenti.unige.it/files/master/MPL_Trad_giuridico_13-14_def.pdf,,1,
/sites/www.studenti.unige.it/files/master/teledidattica11-2013.pdf,,1,
/sites/www.studenti.unige.it/files/master/FORTEMARE.pdf,,1,
/sites/www.studenti.unige.it/files/master/MSL_OncoplasticaIII.pdf,,1,
/sites/www.studenti.unige.it/files/master/Riap-oncoplastica-III-13-14.pdf,,1,
/sites/www.studenti.unige.it/files/master/MPL_%20Nanobiotec27-8-2013.pdf,,1,
/sites/www.studenti.unige.it/files/master/AVVISOnanobiotechnologyProroga.pdf,,1,
/sites/www.studenti.unige.it/files/master/implantoprot_II_0.pdf,,1,
/sites/www.studenti.unige.it/files/master/II-Riap-implantoprotesi.pdf,,1,
/offertaformativa/,Offerta formativa,3277,58
/mediodontoarch/,,1,6
/iscrizioni/preimmatricolazioni/,,1,6
/offertaformativa/corsi_elearning/,,1,68
/offertaformativa/strutt_perc/,,1,6
/offertaformativa/verifica/,,1,6
/offertaformativa/adesaur/,,1,5
/offertaformativa/laureemagistrali20172018/,Lauree magistrali A.A. 2017/2018,142239,5
/all2-archi-ingediarch17/#posti,,1,
/corsiprogrloc17/#art2,,1,
/all2-archi-ingediarch17/#prova,,1,
/corsiprogrloc17/#art5,,1,
/corsiprogrloc17/#art6,,1,
/corsiprogrloc17/#art3,,1,
/all10-hydroraphy17/#posti,,1,
/all10-hydroraphy17/#prova,,1,
/corsilmprof17/#art1,,1,
/corsilmprof17/#art3,,1,
/corsilmprof17/#art4,,1,
/corsilmprof17/#art9,,1,
/corsilmprof17/#art7,,1,
/corsilmprof17/#art5,,1,
/corsilmprof17/#allegatoA,,1,
/offertaformativa/lauree20172018/,Lauree (3 anni) e Lauree magistrali a ciclo unico (5-6 anni) - a.a. 2017/2018,211617,5
/all4-biotec17/#posti,,1,
/all4-biotec17/#prova,,1,
/all6-farmactf17/#posti,,1,
/all6-farmactf17/#prova,,1,
/all1-designprodnau17/#posti,,1,
/all1-designprodnau17/#prova,,1,
/sanitarie17/#art1,,1,
/sanitarie17/#art3,,1,
/sanitarie17/#art4,,1,
/sanitarie17/#art10,,1,
/sanitarie17/#art12,,1,
/sanitarie17/#art7,,1,
/sanitarie17/#art5,,1,
/sanitarie17/#allegatoa,,1,
/medionto17/#posti,,1,
/medionto17/#domanda,,1,
/medionto17/#prova,,1,
/medionto17/#graduatorie,,1,
/medionto17/#modalita,,1,
/medionto17/graduatorie,,1,
/all3-scienzebio17/#posti,,1,
/all3-scienzebio17/#prova,,1,
/all3-scienzebio17/#programma,,1,
/scienzearch17/#posti,,1,
/scienzearch17/#domanda,,1,
/scienzearch17/#prova,,1,
/scienzearch17/#graduatorie,,1,
/scienzearch17/#modalita,,1,
/sdf_2017/#art1,,1,
/sdf_2017/#art3,,1,
/sdf_2017/#art4,,1,
/sdf_2017/#art9,,1,
/sdf_2017/#art10,,1,
/sdf_2017/#art7,,1,
/sdf_2017/#art5,,1,
/sdf_2017/#allegatoa,,1,
/all8-psicologiche17/#posti,,1,
/all8-psicologiche17/#prova,,1,
/all8-psicologiche17/#programma,,1,
/all5-scienzemotorie17/#posti,,1,
/all5-scienzemotorie17/#prova,,1,
/all7-pedagogiche17/#posti,,1,
/all7-pedagogiche17/#prova,,1,
/all7-pedagogiche17/#programma,,1,
/all9-ttmi17/#prova,,1,
/all9-ttmi17/#posti,,1,
/all9-ttmi17/#programma,,1,
/offertaformativa/strutt_perc/img_longdesc/,Descrizione lunga dello schema della riforma,2191,6
/postlaurea/specializzazione/,,1,6
/postlaurea/dottorati/,,1,
/offertaformativa/anniprecedenti/,Offerta formativa anni precedenti,102471,5
/offertaformativa/anniprecedenti/lmcu20172018/,,1,5
/offertaformativa/anniprecedenti/lm20172018/,,1,
/offertaformativa/anniprecedenti/lmcu20162017/,,1,5
/offertaformativa/anniprecedenti/lm20162017/,,1,5
/offertaformativa/anniprecedenti/lmcu20152016/,,1,5
/offertaformativa/anniprecedenti/lm20152016/,,1,5
/offertaformativa/anniprecedenti/lmcu20142015/,,1,5
/offertaformativa/anniprecedenti/lm20142015/,,1,5
/offertaformativa/anniprecedenti/llmcu20132014/,,1,5
/offertaformativa/anniprecedenti/lm20132014/,,1,5
/offertaformativa/corsi_laurea/,,1,
/lavoro/,,1,6
/iscrizioni/laurea_spec/,,1,
/areaint/foreignstudents/votazione/,,1,6
/sites/www.studenti.unige.it/files/corsi-perfezionamento/EPICT_primaclasse.pdf,,1,
/offertaformativa/lauree/,,1,
/mediodontoarch/#fase1,,1,
/sites/www.studenti.unige.it/files/OK%20professioni%20sanitarie22.pdf,,1,
/sites/www.studenti.unige.it/files/AVVISO%20MED-ARCH%2015-16rev.pdf,,1,
/sites/www.studenti.unige.it/files/bando_medicina_opd2014.pdf,,1,
/all2-archi-ingedi/#art11,,1,
/corsiprogrloc/#art2,,1,
/all2-archi-ingedi/#art12,,1,
/corsiprogrloc#art5,,1,
/corsiprogrloc#art6,,1,
/corsiprogrloc#art2,,1,
/corsiprogrloc/#art3,,1,
/all2-archi-ingedi/#art13,,1,
/all2-archi-ingedi/#all2-1,,1,
/sanitariemagistrali16/#art1,,1,
/sanitariemagistrali16/#art3,,1,
/sanitariemagistrali16/#art4,,1,
/sanitariemagistrali16/#art9,,1,
/sanitariemagistrali16/#art7,,1,
/sanitariemagistrali16/#art5,,1,
/sanitariemagistrali16/#allA,,1,
/corsilmprof17/,Corsi di Laurea Magistrali delle Pofessioni sanitarie 2017/2018,43689,6
/,,1,
/sanitarie16/#art1,,1,
/sites/www.studenti.unige.it/files/suddivisione%20aule%20%20e%20mappa%20per%20portale%20clps%202016-2017REV.pdf,,1,
/sanitarie16/#art3,,1,
/sanitarie16/#art4,,1,
/sanitarie16/#art10,,1,
/sanitarie16/#art12,,1,
/sanitarie16/#art7,,1,
/sanitarie16/#art5,,1,
/saniterie16all_a/,,1,68
/all4-biotec/#art11,,1,
/all4-biotec/#art12,,1,
/all4-biotec/#art13,,1,
/all4-biotec/#all4-1,,1,
/all6ctf-farma/#art11,,1,
/all6ctf-farma/#art12,,1,
/all6ctf-farma/#art13,,1,
/all6ctf-farma/#all6-1,,1,
/all1-design-prodnau/#art11,,1,
/all1-design-prodnau/#art12,,1,
/all1-design-prodnau/#art13,,1,
/all1-design-prodnau/#all1-1,,1,
/medionto16/#art1,,1,
/medionto16/#art3,,1,
/medionto16/#art4,,1,
/medionto16/#art8,,1,
/medionto16/#art7,,1,
/all3-biologiche/#art11,,1,
/all3-biologiche/#art12,,1,
/all3-biologiche/#art3,,1,
/all3-biologiche/#art13,,1,
/scienzearch16/#art1,,1,
/scienzearch16/#art3,,1,
/scienzearch16/#art4,,1,
/scienzearch16/#art8,,1,
/scienzearch16/#art7,,1,
/sdf_2016/#art.1,,1,
/sdf_2016/#art.3,,1,
/sdf_2016/#art.4,,1,
/sdf_2016/#art.9,,1,
/sdf_2016/#art.10,,1,
/sdf_2016/#art.7,,1,
/sdf_2016/#art.5,,1,
/all8-tecnichepsico/#art11,,1,
/all8-tecnichepsico/#art12,,1,
/all8-tecnichepsico/#art13,,1,
/all5-motoriesport/#art11,,1,
/all5-motoriesport/#art12,,1,
/all5-motoriesport/#art13,,1,
/all5-motoriesport/#all5-1,,1,
/all7-pedagogiche/#art11,,1,
/all7-pedagogiche/#art12,,1,
/all7-pedagogiche/#art13,,1,
/all9-ttmi/#art11,,1,
/all9-ttmi/#art12,,1,
/all9-ttmi/#art13,,1,
/sites/www.studenti.unige.it/files/professionisanitarie13.pdf,,1,
/sites/www.studenti.unige.it/files/farmacia2013.pdf,,1,
/sites/www.studenti.unige.it/files/2013bando_professionisanitarieMAG.pdf,,1,
/sites/www.studenti.unige.it/files/scienze_formazione_primaria13.pdf,,1,
/sites/www.studenti.unige.it/files/ConversioneVoti_Tabella%20ECTS.pdf,,1,
/sanitarie16/,Professioni sanitarie 2016/2017,42887,6
/tasse/pagamento_online/,,,6
/sdf_2016/,Bando Scienze della formazione primaria,29505,6
/scienzearch16/,Bando di Scienze dell’architettura 2016/2017,29345,6
/medionto16/,Bando Medicina e Chirurgia e Odontoiatria e protesi dentaria,31481,6
/sanitariemagistrali16/,Professioni sanitarie magistrali 2016/2017,45168,6
/corsiprogrloc,Norme generali di ammissione ai corsi di studio a programmazione locale,30210,6
/corsiprogrloc/,Norme generali di ammissione ai corsi di studio a programmazione locale,30210,
/sdf_2017/,Bando Scienze della formazione primaria,30932,6
/scienzearch17/,Bando di Scienze dell’architettura 2017/2018,28362,6
/postlaurea/specializzazione/sanitaria_med/,,1,68
/postlaurea/specializzazione/sanitaria_altri/,,1,36
/postlaurea/specializzazione/giuridica/,,1,3
/scadenze/#spec,,1,
/sanitarie17/,Professioni sanitarie 2017/2018,50096,6
/medionto17/,Bando Medicina e Chirurgia e Odontoiatria e protesi dentaria (A.A. 2017 - 2018),30375,6
/corsiprogrloc17/,Norme generali di ammissione ai corsi di studio a programmazione locale dell’Università degli Studi di Genova (a.a. 2017/2018),28613,6
/servizi/segreterie/certificati/,Certificati,3007,6
/servizi/segreterie/,,1,68
/tempolibero/ass_stud/,,1,26
/orientamento/colloqui/,,1,06
/areaint/studiareestero/erasmusplus/en,,1,8
/areaint/studiareestero/erasmusplus/mobstudeneo/,,1,6
/areaint/studiareestero/erasmusplus/mobipers/,,1,68
/areaint/studiareestero/erasmusplus/organizzazione/,,1,68
/areaint/test/erasmus/ects/,,1,6
/sites/www.studenti.unige.it/files/iris2013.pdf,,1,
/postlaurea/formazioneinsegnanti/post/primaria/,,1,6
/postlaurea/formazioneinsegnanti/post/grado/,,1,6
/postlaurea/formazioneinsegnanti/sostegno,,1,06
/postlaurea/formazioneinsegnanti/post,,1,013568
/postlaurea/formazioneinsegnanti/tfa/,,1,6
/postlaurea/formazioneinsegnanti/pas/,,1,6
/iscrizioni/singole_attivita/,,1,68
/areaint/studiareestero/erasmusplus/mobstudeneo/studio/,,1,6
/areaint/studiareestero/erasmusplus/mobstudeneo/tirocinio/,,1,6
/iscrizioni/singole_attivita/acc_lib/,Iscriversi a singole attività formative di un corso ad accesso libero,4710,6
/scadenze/#singoleatt,,1,
/tasse/iseeuparificato,,1,6
/sites/www.studenti.unige.it/files/Learning%20Agreement%20for%20Studies%202018-2019%20NEW.docx,,1,
/sites/www.studenti.unige.it/files/Guidelines%20on%20how%20to%20use%20the%20Learning%20Agreement%20for%20Studies%281%29.pdf,,1,
/sites/www.studenti.unige.it/files/Modalita%CC%80%20e%20istruzioni%20per%20la%20sottoscrizione%20dell%27Accordo%20Erasmus%2B%20ai%20fini%20di%20studio%20a.a.%202018-2019_0.pdf,,1,
/sites/www.studenti.unige.it/files/Kit%20per%20sito_0.pdf,,1,
/sites/www.studenti.unige.it/files/kit%20per%20sito.zip,,1,
/tasse/iseeuparificato/en/,,1,68
/sites/www.studenti.unige.it/files/OFFERTA%20FORMATIVA%20PAS-1.pdf,,1,
/sites/www.studenti.unige.it/files/dm81-250313forminiz-tfa_modifica-dm249_2010.pdf,,1,
/sites/www.studenti.unige.it/files/decr_dg58-250713.pdf,,1,
/sites/www.studenti.unige.it/files/ddn45pas.pdf,,1,
/sites/www.studenti.unige.it/files/DM_39_1998_SSIS_0.pdf,,1,
/sites/www.studenti.unige.it/files/tab_allegatoadm22-2005.pdf,,1,
/servizi/sostegno/,Servizi di Orientamento e diritto allo studio,1249,6
/attivita/ass_stud/,,1,6
/iscrizioni/passaggi/,Passaggio ad altro corso di studio,3050,6
/iscrizioni/trasferimenti/,Trasferimenti,5889,6
/modulistica,,1,
/offertaformativa/corsi_numprog/,,1,
/scadenze/#trasf,,1,
/iscrizioni/riprendere/,Riprendere gli studi,1847,6
/iscrizioni/seconda_laurea/,Seconda laurea,1783,6
/iscrizioni/immatricolazioni/,,1,6
/iscrizioni/iscr_tardive/,Immatricolazioni ed iscrizioni tardive,1561,6
/scadenze/,,1,
/iscrizioni/oltre_durata/,Iscrizione fuori corso,2533,6
/tasse/pagamento_online,,1,
/tasse/,,1,6
/scadenze/#fuoricorso,,1,
/iscrizioni/ritirobadge/,Ritira il tuo badge,9567,6
/iscrizioni/anni_successivi/,Anni successivi al primo,1708,6
/iscrizioni/immatricolazioni/enrolment,,1,
/tempolibero/,"Cultura, sport, tempo libero e altre attività",1893,3
/tempolibero/cultura/teatro/,,1,16
/attivita/att_cult/,,1,6
/tempolibero/musei,,1,16
/orientamento/convenzioni/elencoattive/,,1,2
/orientamento/convenzioni/firmadigitale/,,1,6
/alternanza-scuola-lavoro/,,1,6
/sites/www.studenti.unige.it/files/atto_costitutivo.doc,,1,
/sites/www.studenti.unige.it/files/statuto.doc,,1,
/all2_arch_edile18/#art11,,1,
/norme_2018/2019/#art2,,1,
/all2_arch_edile18/#art12,,1,
/norme_2018/2019/#art5,,1,
/norme_2018/2019/#art6,,1,
/norme_2018/2019/#art3,,1,
/all2_arch_edile18/#all2,,1,
/iscrizioni/immatricolazioni,,1,
/bando_sanit_magistrali18/#art1,,1,
/bando_sanit_magistrali18/#art3,,1,
/bando_sanit_magistrali18/#art4,,1,
/bando_sanit_magistrali18/#art9,,1,
/bando_sanit_magistrali18/#art7,,1,
/bando_sanit_magistrali18/#art5,,1,
/bando_sanit_magistrali18/#programma,,1,
/all4_biotec18/#posti,,1,
/all4_biotec18/#data,,1,
/all4_biotec18/#progr,,1,
/all6_farma18/#art11,,1,
/all6_farma18/#art12,,1,
/all6_farma18/#art13,,1,
/all1_design18/#art11,,1,
/all1_design18/#art12,,1,
/all1_design18/#all1,,1,
/bando_sanit18/#art1,,1,
/bando_sanit18/#art3,,1,
/bando_sanit18/#art4,,1,
/bando_sanit18/#art9,,1,
/bando_sanit18/#art11,,1,
/bando_sanit18/#art7,,1,
/bando_sanit18/#art5,,1,
/bando_sanit18/#allA,,1,
/bando_med18/#art1,,1,
/bando_med18/#art3,,1,
/bando_med18/#art4,,1,
/bando_med18/#art8,,1,
/bando_med18/#art7,,1,
/all3_scienzebio18/#art11,,1,
/all3_scienzebio18/#art12,,1,
/all3_scienzebio18/#art13,,1,
/bando_arch18/#art1,,1,
/bando_arch18/#art3,,1,
/bando_arch18/#art4,,1,
/bando_arch18/#art8,,1,
/bando_arch18/#art7,,1,
/bando_prima18/#art1,,1,
/bando_prima18/#art3,,1,
/bando_prima18/#art4,,1,
/bando_prima18/#art9,,1,
/bando_prima18/#art10,,1,
/bando_prima18/#art7,,1,
/bando_prima18/#art5,,1,
/bando_prima18/#allA,,1,
/all8_psico18/#art11,,1,
/all8_psico18/#art12,,1,
/all8_psico18/#art13,,1,
/all5_scienzemot18/#art12,,1,
/all5_scienzemot18/#art11,,1,
/all5_scienzemot18/#all5,,1,
/all7_scienzeedu18/#art11,,1,
/all7_scienzeedu18/#art12,,1,
/all7_scienzeedu18/#art13,,1,
/all9_ttmi18/#art11,,1,
/all9_ttmi18/#art12,,1,
/all9_ttmi18/#art13,,1,
/scadenze,Scadenze,14985,6
/scadenze/en/,,1,8
/offertaformativa/lauree3e5/,,1,
/postlaurea/dottorati/XXXIV/,,1,06
/sites/www.studenti.unige.it/files/Modalit%C3%A0%20di%20accesso%20al%20portale.pdf,,1,
/sites/www.studenti.unige.it/files/Modalit%C3%A0%20di%20stampa.pdf,,1,
/all9_ttmi18/,Bando teorie e tecniche mediazione interlinguistica 2018/2019,7281,6
/all7_scienzeedu18/,Bando Scienze dell'educazione e della formazione A.A. 2018/2019,5011,6
/alternanza-scuola-lavoro/istruzioni/,,1,68
/orientamento/serv_orientamento/entrata,,1,6
/sites/www.studenti.unige.it/files/guida_operativa_miur_alternanza_scuola_lavoro_08.10.2015.pdf,,1,
/sites/www.studenti.unige.it/files/lettera_ministro_alternanza_scuola_lavoro_08.10.2015-1.pdf,,1,
/all5_scienzemot18/,Bando Scienze Motorie A.A. 2018/2019,7688,6
/all8_psico18/,Bando scienze e tecniche psicologiche 2018/2019,5510,6
/bando_arch18/,Bando Scienze dell'Architettura A.A. 2018/2019,27329,6
/alternanza-scuola-lavoro/istruzioni/convenzioni,,1,6
/bando_med18/,Bando Medicina e Odontoiatria A.A. 2018/2019,30237,6
/bando_prima18/,Bando Formazione Primaria 2018/2019,27959,6
/all1_design18/,Bando Design del prodotto e della nautica A.A. 2018/2019,9516,6
/all6_farma18/,Bando Farmacia e CTF A.A. 2018/2019,7571,6
/all4_biotec18/,Bando Biotecnologie A.A. 2018/2019,7797,6
/bando_sanit18/,Bando Professioni Sanitarie 2018/2019,46294,6
/bando_sanit_magistrali18/,Bando Professioni Sanitarie Magistrali 2018/2019,37243,6
/alternanza-scuola-lavoro/istruzioni/progetto/,,1,6
/norme_2018/2019/,Norme generali di ammissione 2018/2019,25918,6
/lavoro/studenti/,,1,6
/lavoro/aziende/,,1,6
/regolamenti-e-note-operative-gli-studenti/,Regolamenti e note operative per gli studenti,3232,6
/regolamenti-e-note-operative-anagrafe-reddituale-tasse-e-contributi-benefici-universitari/,,1,6
/studenti-internazionali/,,1,0
/areaint/foreignstudents/erasmus/italiano/,,1,6
/areaint/foreignstudents/erasmus/english,,1,8
/servizi/,Vivere e studiare a Genova,3484,
/attivita/,"Attività a tempo parziale, attività culturali, associazioni studentesche",1070,0367
/attivita/collaborazione/,,1,6
/tasse/24cfu/,,1,
/tasse/benefici/,,1,
/tasse/istanze/,,1,
/tasse/rimborso/,,1,
/tasse/spesefrequenzacorsiuniversitari_730precompilato/,,1,
/tasse/laureando/,,1,
/tasse/alfa/,,1,03
/sites/www.studenti.unige.it/files/guida1819web.pdf,,1,
/sites/www.studenti.unige.it/files/corsi_web.pdf,,1,
/sites/www.studenti.unige.it/files/manifesto1819.pdf,,1,
/sites/www.studenti.unige.it/files/arch18.pdf,,1,
/sites/www.studenti.unige.it/files/eco18int.pdf,,1,
/sites/www.studenti.unige.it/files/farm18.pdf,,1,
/sites/www.studenti.unige.it/files/giuri18int.pdf,,1,
/sites/www.studenti.unige.it/files/ing18.pdf,,1,
/sites/www.studenti.unige.it/files/lett18.pdf,,1,
/sites/www.studenti.unige.it/files/lingue18.pdf,,1,
/sites/www.studenti.unige.it/files/med18.pdf,,1,
/sites/www.studenti.unige.it/files/scienzeform18.pdf,,1,
/sites/www.studenti.unige.it/files/smfn18web.pdf,,1,
/sites/www.studenti.unige.it/files/scienzepol18.pdf,,1,
/orientamento/pubblicazioni/manifesti/,,1,023568
/orientamento/pubblicazioni/manifestiold/,,1,5
/sites/www.studenti.unige.it/files/guida_2017_18_web_r.pdf,,1,
/sites/www.studenti.unige.it/files/guida_int_2012.pdf,,1,
/iscrizioni/,,1,
/servizi/segreterie/studiocaso/,,1,6
/servizi/segreterie/ammissionelaurea/,,1,6
/servizi/segreterie/duplicati/,,1,6
/iscritti/lauree/,,1,6
/servizi/segreterie/supplement,,1,6
/servizi/segreterie/rinuncia/,,1,6
/orientamento/test/,,1,6
/orientamento/infopoint/,,1,3
/orientamento/saloneorientamenti/,,1,036
/orientamento/progettomatricole/,,1,06
/orientamento/counseling/,,1,3
/lavoro/incontri/,,1,6
/lavoro/studenti/laboratori/,,1,6
/lavoro/studenti/competenze/,,1,6
/lavoro/curriculum/,,1,6
/lavoro/tirocini/,,1,6
/lavoro/jobcheckin/,,1,6
/lavoro/opportunita/,,1,6
/lavoro/studenti/eventi/,,1,68
/orientamento/areeprofessioni/,,1,36
/orientamento/commissioni/,,1,6
/postlaurea/esamistato/,Esami di stato,4410,3
/postlaurea/esamistato/arch/,,1,6
/postlaurea/esamistato/ass/,,1,6
/postlaurea/esamistato/bio/,,1,6
/postlaurea/esamistato/chi,,1,6
/postlaurea/esamistato/dot/,,1,36
/postlaurea/esamistato/far/,,1,6
/postlaurea/esamistato/geo/,,1,6
/postlaurea/esamistato/ing/,,1,6
/postlaurea/esamistato/med/,,1,6
/postalurea/esamistato/odo,,1,6
/postlaurea/esamistato/psico,,1,6
/areaint/scuoladilinguaitalianach,,1,
/attivita/tutorato/,Attività di tutorato,3560,0
/attivita/tutorato/graduatorie/,,1,
/attivita/tutorato/tipologie/,,1,06
/attivita/tutorato/pagamento/,,1,06
/attivita/tutorato/anniprecedenti/,,1,0
/tasse/alfa/eng/,,1,2
/lavoro/aziende/sportello/,,1,6
/lavoro/aziende/tirocini/,,1,6
/lavoro/aziende/careerday/,,1,6
/lavoro/aziende/incontri/,,1,6
/lavoro/aziende/opportunita/,,1,6
/lavoro/studenti/orientarsi/,,1,6
/lavoro/studenti/cvcheck/,,1,6
/lavoro/studenti/ordiniprofessionali/,,1,3
/lavoro/studenti/autoimpiego/,,1,6
/lavoro/studenti/indirizzi/,,1,3
/lavoro/studenti/almalaurea/,,1,6
/lavoro/opportunita/regione/,,1,6
/areaint/scuoladilinguaitaliana/,,1,
/areaint/italian_courses,,1,
/sites/www.studenti.unige.it/files/SillaboSlici.pdf,,1,
/bando-selezione-tutormat-2018/,,1,0
/attivita/tutorato/bando2017/,,1,0
/attivita/tutorato/bando2016/,,1,0
/attivita/tutorato/bando2015/,,1,0
/attivita/tutorato/bando2014/,,1,0
/attivita/tutorato/2013/,,1,0
/tasse/alfa/eng/scholarships/,,1,
/tasse/alfa/eng/housing/,,1,2
/tasse/alfa/eng/food/,,1,2
/tasse/alfa/eng/cultural/,,1,123468
/sites/www.studenti.unige.it/files/registrati.pdf,,1,
/lavoro/studenti/indirizzi/internazionali/,,1,48
/attivita/tutorato/graduatorie2015/,,1,0
/sites/www.studenti.unige.it/files/Pagine%20da%20Rapporto_ANVUR_SINTESI_20%7E.pdf,,1,
/sites/www.studenti.unige.it/files/ESTRATTO_progetto_matricole2017.pdf,,1,
/sites/www.studenti.unige.it/files/LINEE_GUIDA_nazionali.pdf,,1,
/sites/www.studenti.unige.it/files/ACCORDOorientamento-permanente.pdf,,1,
/tutorato/bando2017/graduatorie/,,1,0
/sites/www.studenti.unige.it/files/Avviso%20Corso%20formazione%20bando%20tutor%20alla%20pari%20DR.%201396%20definitivo.docx,,1,
/sites/www.studenti.unige.it/files/calendario%20corso%20tutor%2017_0.pdf,,1,
/sites/www.studenti.unige.it/files/tutormat.pdf,,1,
/sites/www.studenti.unige.it/files/graduatoria%20tutor%20mat%2018.pdf,,1,
/sites/www.studenti.unige.it/files/Ammessi%20al%20colloquio%20A_tutorMat_2018.pdf,,1,
/sites/www.studenti.unige.it/files/GRADUATORIA%20DEFINITIVA%20profilo%20C%20TUTOR%20MAT%20.pdf,,1,
/sites/www.studenti.unige.it/files/GRADUATORIA%20DEFINITIVA%20DIDATTICI%20TUTOR%20MAT%20.pdf,,1,
/attivita/tutorato/studenti_tutor/,,1,0
/attivita/tutorato/bando2013/,,1,0
/attivita/tutorato/allapari/,,1,06
/attivita/tutorato/2013/didattici,,1,08
/attivita/tutorato/graduatorie2014/,,1,0
/attivita/tutorato/tutor_didattici/,,1,0
/sites/www.studenti.unige.it/files/bando%20tutor%20pari%202013.pdf,,1,
/sites/www.studenti.unige.it/files/Avviso_tutor_pari.pdf,,1,
/attivita/tutorato/graduatorie,,1,0
/sites/www.studenti.unige.it/files/profilo%20B.pdf,,1,
/lavoro/tirocini/curriculari,,1,6
/lavoro/aziende/tirocini/cosafare/,,1,6
/lavoro/tirocini/extracurriculari,,1,6
/lavoro/tirocini/referenti/,,1,456
/sites/www.studenti.unige.it/files/Dichiarazione%20stato%20civile_1.pdf,,1,
/sites/www.studenti.unige.it/files/dichiarazione%20gestione%20separta%20INPS.pdf,,1,
/lavoro/laboratori/,,1,
/lavoro/aziende/tirocini/privcart/,,1,6
/lavoro/aziende/tirocini/privdigit/,,1,6
/lavoro/aziende/tirocini/pubdigit/,,1,6
/lavoro/aziende/tirocini/lombcart/,,1,6
/lavoro/aziende/tirocini/lombdigit/,,1,6
/lavoro/tirocini/extracurriculari/aziende,,1,6
/lavoro/tirocini/extracurriculari/aziendelombardia/,,1,6
/sites/www.studenti.unige.it/files/art18_L196_97.pdf,,1,
/sites/www.studenti.unige.it/files/dl142_98.pdf,,1,
/sites/www.studenti.unige.it/files/circolare_92_1998_0.pdf,,1,
/sites/www.studenti.unige.it/files/decreto22%20_03_06_extracomunitari.pdf,,1,
/sites/www.studenti.unige.it/files/dlgs_81_2008.pdf.zip,,1,
/lavoro/tirocini/extracurriculari/aziendelombardia/cartaceo/,,1,6
/lavoro/tirocini/extracurriculari/aziendelombardia/digitale/,,1,6
/lavoro/studenti/eventi/laureainazienda/,,1,6
/lavoro/opportunita/volotea/,,1,68
/lavoro/opportunita/contatto/,,1,68
/lavoro/DCCI/,,1,6
/lavoro/studenti/eventi/ungiorno/,,1,6
/lavoro/studenti/eventi/lidl/,,1,6
/lavoro/opportunita/samsung/,,1,68
/lavoro/monster/,,1,68
/lavoro/orientati/,,1,06
/lavoro/bip/,,1,36
/lavoro/pharmaday/,,1,68
/lavoro/studenti/eventi/edux/,,1,68
/lavoro/studenti/eventi/futuremakers/,,1,68
/lavoro/kruk/,,1,36
/lavoro/bureauveritas/,,1,6
/lavoro/randstad/,,1,6
/lavoro/studenti/eventi/incontroprofessionisti/,,1,26
/lavoro/glaxosmithkline/,,1,68
/lavoro/unicredit/,,1,6
/lavoro/coopliguria/,,1,6
/lavoro/studenti/eventi/panorama/,,1,6
/lavoro/carispezia/,,1,6
/lavoro/tirocini/laurea_azienda/,,1,6
/lavoro/talenti/,,1,6
/LAVORO/tirocini/vulcanus/,,1,6
/lavoro/opportunita/coasit/,,1,6
/programma-di-tirocinio-fondazione-maeci/,,1,6
/lavoro/opportunita/CRUIscuoleitaliane/,,1,6
/lavoro/tirocini/onu/,,1,1
/lavoro/tirocini/ue/,,1,46
/lavoro/contributo_curr/,,1,6
/sites/www.studenti.unige.it/files/Bolted%20Joint%20-%20Area%20Nord.pdf,,1,
/sites/www.studenti.unige.it/files/CPR_Support%20-%20stage.pdf,,1,
/sites/www.studenti.unige.it/files/Industry%204.0%20-%20stage.pdf,,1,
/sites/www.studenti.unige.it/files/Inspector%20CPR.pdf,,1,
/sites/www.studenti.unige.it/files/lean%20support%20-%20stage.pdf,,1,
/sites/www.studenti.unige.it/files/Rail%20Support%20-%20stage.pdf,,1,
/sites/www.studenti.unige.it/files/Technical_Support_SL_IND%20-%20stage.pdf,,1,
/issuge/,,1,
/sites/www.studenti.unige.it/files/alliance%20healthcare%282%29.pdf,,1,
/sites/www.studenti.unige.it/files/coop%283%29.pdf,,1,
/sites/www.studenti.unige.it/files/GSK%281%29.pdf,,1,
/sites/www.studenti.unige.it/files/helan%282%29.pdf,,1,
/sites/www.studenti.unige.it/files/hippocrates_0.pdf,,1,
/sites/www.studenti.unige.it/files/kedrion%283%29.pdf,,1,
/sites/www.studenti.unige.it/files/kelly_0.pdf,,1,
/sites/www.studenti.unige.it/files/pharmadoc.pdf,,1,
/sites/www.studenti.unige.it/files/cmc%20sud_web.pdf,,1,
/sites/www.studenti.unige.it/files/evo_web.pdf,,1,
/sites/www.studenti.unige.it/files/technevalue_web.pdf,,1,
/sites/www.studenti.unige.it/files/locandina_dima_10%20aprile%202018.pdf,,1,
/lavoro/tirocini/aziende/,,1,6
/LAVORO/tirocini/sicurezza/,,1,6
/lavoro/tirocini/allestero/,,1,
/scadenze/#studiocaso,,1,
/orientamento/pubblicazioni/manifesti-llmcu/,,1,5
/orientamento/pubblicazioni/manifesti-lm/,,1,5
/node/1547/,"Appalti  e contratti pubblici alla luce delle recenti riforme. Il codice dei contratti pubblici nell'evoluzione normativa e giurisprudenziale e nell'applicazione concreta, fra diritto amministrativo e diritto penale (I ed.)",3724,8
/sites/www.studenti.unige.it/files/Bando_appalti_contr_pubbl.pdf,,1,
/sites/www.studenti.unige.it/files/Riapertura%20termini%20Appalti%20e%20contratti%281%29.pdf,,1,
/sites/www.studenti.unige.it/files/Bando_Appalti_contratti_pubblici_2018_2019-1.pdf,,1,
/node/1721/,"Corso di Formazione su Tutela del consumatore, Codice del consumo e mercato europeo a.a. 2018-2019",3055,134578
/sites/www.studenti.unige.it/files/221%20del%2017012019%20Bando%20Corso%20dir%20consumatori%20%202018-19.pdf,,1,
/node/1727/,Corso di preparazione al concorso per direttore dei servizi generali amministrativi (DSGA),3249,68
/sites/www.studenti.unige.it/files/DEC%20466_05.02.2019_DSGA.pdf,,1,
/corsi-di-formazione/scaduti/,Corsi di formazione scaduti,23854,8
/postlaurea/corsiformazione/,,1,
/sites/www.studenti.unige.it/files/Bando_corso%20first%20aid%2020181130.pdf,,1,
/corsi-di-formazione/modform/,,1,
/sites/www.studenti.unige.it/files/Bando%20Corso%20FROSIO%20ediz%2012%20%202018-19.pdf,,1,
/sites/www.studenti.unige.it/files/Bando_corso%20medical%20care%2020181004%20decreto%202.pdf,,1,
/sites/www.studenti.unige.it/files/ftosio18.pdf,,1,
/sites/www.studenti.unige.it/files/DR%202516%20Riapertura%20termini%20bando%20frosio%2006062018.pdf,,1,
/sites/www.studenti.unige.it/files/DR%20810%20del%2028.02.18%20Percorsi%20di%20inclusione%2017_18.pdf,,1,
/sites/www.studenti.unige.it/files/DR%20624_20.02.18_Corso%20INPS%20Servizi%20CDCD%281%29.pdf,,1,
/sites/www.studenti.unige.it/files/DR%20265%20del%2025.01.18_INPS%20Corso%20Conflitti.pdf,,1,
/sites/www.studenti.unige.it/files/Bando_appalti_contr_pubbl_approfond.pdf,,1,
/sites/www.studenti.unige.it/files/3347%20bando%20frosio17.pdf,,1,
/sites/www.studenti.unige.it/files/amas_struttura%20complessa%2017.pdf,,1,
/postlaurea/perfezionamento/scaduti/chiusi/,Corsi di perfezionamento scaduti,18414,8
/postlaurea/perfezionamento,,1,
/postlaurea/perfezionamento/scaduti/,,1,8
/sites/www.studenti.unige.it/files/corsi-perfezionamento/bando_formazione%2060CFU%20prot%2061860%20del%2019_09_18-1%281%29.pdf,,1,
/sites/www.studenti.unige.it/files/corsi-perfezionamento/Allegato%201%20dichiarazione%20sostitutiva%20di%20notoriet%20diploma.rtf,,1,
/sites/www.studenti.unige.it/files/corsi-perfezionamento/Allegato%202%20dichiarazione%20sostitutiva%20di%20notoriet%20amminstrazione%20pubblica.rtf,,1,
/sites/www.studenti.unige.it/files/corsi-perfezionamento/Allegato%204%20dichiarazione%20sostitutiva%20di%20notoriet%20educatore.rtf,,1,
/sites/www.studenti.unige.it/files/corsi-perfezionamento/Allegato%203%20datore%20lavoro_0.rtf,,1,
/sites/www.studenti.unige.it/files/corsi-perfezionamento/Allegato%205%20dichiarazione%20attivita%20formative%20ed%20esami_0.rtf,,1,
/sites/www.studenti.unige.it/files/corsi-perfezionamento/decreto%204912_18%20rettifica%20aa.pdf,,1,
/sites/www.studenti.unige.it/files/corsi-perfezionamento/Bando%20Foto%205%2028062018.pdf,,1,
/sites/www.studenti.unige.it/files/corsi-perfezionamento/Bando%20Corso%20di%20Perf-%20Chirurgia%20delle%20Malattie%20dei%20Linfatici%20e%20Microchirurgia%20-%20ED_XIII%20def.pdf,,1,
/sites/www.studenti.unige.it/files/corsi-perfezionamento/Bando%20corso%20Mediazione%20comunitaria%20Morelli.pdf,,1,
/sites/www.studenti.unige.it/files/corsi-perfezionamento/Bando_Diritto_sportivo_penale_sport_2018_19.pdf,,1,
/sites/www.studenti.unige.it/files/corsi-perfezionamento/Decreto_riapertura_termini_Diritto_sportivo_penale_sport_2018_19.pdf,,1,
/sites/www.studenti.unige.it/files/corsi-perfezionamento/Decreto_seconda_riapertura_termini_Diritto_sportivo_penale_sport_2018_19.pdf,,1,
/sites/www.studenti.unige.it/files/corsi-perfezionamento/Bando%20Corso%20Cumes-definitivo.pdf,,1,
/sites/www.studenti.unige.it/files/corsi-perfezionamento/Decreto%20del%20Direttore%20di%20Struttura%20n.%20535%20del%2014_02_2018%20APHEC%204%20Edizione.pdf,,1,
/sites/www.studenti.unige.it/files/corsi-perfezionamento/Bando%20Corso%20Perfezionamento%20EPICT%202017_18%281%29.pdf,,1,
/sites/www.studenti.unige.it/files/corsi-perfezionamento/Decreto%201258%20del%2028-03-2018%20proroga%20termini%20pre%20iscrizione%20epict.pdf,,1,
/sites/www.studenti.unige.it/files/corsi-perfezionamento/Bando%20per%20il%20I%20corso%20di%20perfezionamento%20in%20ALTA%20AMMINISTRAZIONE%283%29.pdf,,1,
/sites/www.studenti.unige.it/files/corsi-perfezionamento/DR%20204%2019_1_18_bando_smart%20city_0.pdf,,1,
/node/979/,Corso per coordinatori in materia di sicurezza e di salute durante la progettazione e la realizzazione dell'opera,3163,134578
/sites/www.studenti.unige.it/files/Bando%20Corso%20di%20sicurezza_0.pdf,,1,
/sites/www.studenti.unige.it/files/domanda%20di%20partecipazione_0.doc,,1,
/sites/www.studenti.unige.it/files/Allegato%20B_0.doc,,1,
/sites/www.studenti.unige.it/files/Allegato%20C_0.doc,,1,
/postlaurea/perfezionamento/scaduti/chiusi/?page=9,Corsi di perfezionamento scaduti,18806,8
/sites/www.studenti.unige.it/files/corsi-perfezionamento/bandotu2013.pdf,,1,
/sites/www.studenti.unige.it/files/corsi-perfezionamento/moduloiscrtu2013.pdf,,1,
/sites/www.studenti.unige.it/files/corsi-perfezionamento/bandoarbitrato.pdf,,1,
/sites/www.studenti.unige.it/files/corsi-perfezionamento/perfez_laser_odonto.pdf,,1,
/sites/www.studenti.unige.it/files/corsi-perfezionamento/mod_dichsost_attnot.rtf,,1,
/sites/www.studenti.unige.it/files/corsi-perfezionamento/dom_partecipaz_corsoperfdisc.rtf,,1,
/sites/www.studenti.unige.it/files/corsi-perfezionamento/riapertura-laserodonto.pdf,,1,
/sites/www.studenti.unige.it/files/corsi-perfezionamento/perfez_implant.pdf,,1,
/sites/www.studenti.unige.it/files/corsi-perfezionamento/mod_dichsost_attnot_1.rtf,,1,
/sites/www.studenti.unige.it/files/corsi-perfezionamento/dom_partecipaz_corsoperfdisc_1.rtf,,1,
/sites/www.studenti.unige.it/files/corsi-perfezionamento/perfez_posturologia.pdf,,1,
/sites/www.studenti.unige.it/files/corsi-perfezionamento/mod_dichsost_attnot_0.rtf,,1,
/sites/www.studenti.unige.it/files/corsi-perfezionamento/dom_partecipaz_corsoperfdisc_0.rtf,,1,
/sites/www.studenti.unige.it/files/corsi-perfezionamento/2bando.pdf,,1,
/sites/www.studenti.unige.it/files/corsi-perfezionamento/mod_dichsost_attnot%2012-22-20.rtf,,1,
/sites/www.studenti.unige.it/files/corsi-perfezionamento/dom_partecipaz_corsoperfdisc%2012-22-20.rtf,,1,
/sites/www.studenti.unige.it/files/corsi-perfezionamento/Bando%20DR%201035%20del%201%20ottobre%20firmato%20MR.pdf,,1,
/sites/www.studenti.unige.it/files/corsi-perfezionamento/bandoperf_chirumalinfmicro.pdf,,1,
/sites/www.studenti.unige.it/files/corsi-perfezionamento/mod_dichsost_attnot%2012-22-20_0.rtf,,1,
/sites/www.studenti.unige.it/files/corsi-perfezionamento/dom_partecipaz_corsoperfdisc%2012-22-20_0.rtf,,1,
/sites/www.studenti.unige.it/files/corsi-perfezionamento/bando%20DD%2048_2013%20Perfezionamento%20DSA%202013_14.pdf,,1,
/sites/www.studenti.unige.it/files/corsi-perfezionamento/decreto_n.99.pdf,,1,
/sites/www.studenti.unige.it/files/corsi-perfezionamento/bando_medcivarbit_adr.pdf,,1,
/node/937/,Corso di Perfezionamento in Edodontics I edizione,3426,6
/sites/www.studenti.unige.it/files/corsi-perfezionamento/Bando%20Corso%20di%20Perfezionamento%20in%20Edodontics%20I%20edizione.pdf,,1,
/sites/www.studenti.unige.it/files/corsi-perfezionamento/mod_dichsost_attnot%2012-22-20_4.rtf,,1,
/sites/www.studenti.unige.it/files/corsi-perfezionamento/dom_partecipaz_corsoperfdisc%2012-22-20_4.rtf,,1,
/node/935/,Corso di Perfezionamento in Cosmetics Adhesive Dentistry I edizione,3484,
/sites/www.studenti.unige.it/files/corsi-perfezionamento/Bando%20Corso%20di%20Perfezionamento%20in%20Cosmetics%20Adhesive%20Dentistry%20I%20edizione.pdf,,1,
/sites/www.studenti.unige.it/files/corsi-perfezionamento/mod_dichsost_attnot%2012-22-20_2.rtf,,1,
/sites/www.studenti.unige.it/files/corsi-perfezionamento/dom_partecipaz_corsoperfdisc%2012-22-20_2.rtf,,1,
/node/1607/,Posturologia clinica odontoiatrica dalle tecniche manuali al laser  II edizione,2841,013568
/node/1611/,International Master in Laser Dentistry (V ed.),2818,013568
/node/1625/,"Clinica linfologica, chirurgia dei linfatici e microchirurgia  (XIV edizione)",2885,012345678
/node/1626/,Linfologia,2778,013568
/node/1627/,Implantoprotesi (VII Edizione),3213,123578
/node/1628/,Riabilitazione dei disordini muscoloscheletrici (XVI ed.),3262,013568
/node/1656/,Infermieristica in area critica IV edizione,3702,3568
/node/1657/,Management delle professioni sanitarie infermieristiche e ostetriche  XI edizione,3785,3568
/node/1688/,Giurista d'Impresa (XVI ed.),2747,012368
/node/1700/,Traduzione specializzata in campo giuridico (XI ed.),3219,68
/node/1712/,Digital Forensics e Tecnologie Cyber,2585,1368
/node/1713/,Cyber Defence Governance,2565,
/node/1728/,Advanced Welding Engineering (MAWE) III edizione,3151,28
/node/878/,A distanza (e-learning) EPICT - certificazione pedagogica europea sull'uso delle tecnologie digitali - X Ed.: e-Leadership a Scuola,2713,013568
/sites/www.studenti.unige.it/files/corsi-perfezionamento/perf_epict_2014.pdf,,1,
/sites/www.studenti.unige.it/files/corsi-perfezionamento/decreto_proroga.pdf,,1,
/node/944/,Mediazione familiare,2451,013568
/sites/www.studenti.unige.it/files/corsi-perfezionamento/mediazionefam14.pdf,,1,
/node/1098/,Psicologia dell'emergenza e psicotraumatologia,4497,8
/sites/www.studenti.unige.it/files/corsi-perfezionamento/decreto%206963%20bando%20perfezionamento%20Bracco%202015_16-2.pdf,,1,
/sites/www.studenti.unige.it/files/corsi-perfezionamento/contratto_formativo.doc,,1,
/sites/www.studenti.unige.it/files/corsi-perfezionamento/Dichiarazione%20Codice%20in%20materia%20di%20protezione%20dei%20dati%20personali.doc,,1,
/sites/www.studenti.unige.it/files/corsi-perfezionamento/Domanda%20d%27iscrizione.doc,,1,
/sites/www.studenti.unige.it/files/corsi-perfezionamento/decreto%208556%20del%2021_10_2015%20proroga%20preiscrizioni%20perfezionamento.pdf,,1,
/node/1109/,Tutor per le difficoltà e i disturbi dell'apprendimento,4332,8
/sites/www.studenti.unige.it/files/corsi-perfezionamento/tutordsa15.pdf,,1,
/sites/www.studenti.unige.it/files/corsi-perfezionamento/domanda%20di%20iscrizione-tutor.doc,,1,
/sites/www.studenti.unige.it/files/corsi-perfezionamento/Contratto%20formativo-tutor.doc,,1,
/sites/www.studenti.unige.it/files/corsi-perfezionamento/Dichiarazione%20Codice%20in%20materia%20di%20protezione%20dei%20dati%20personali-tutor.doc,,1,
/sites/www.studenti.unige.it/files/corsi-perfezionamento/Decreto%2010361.pdf,,1,
/node/1110/,Difficoltà e i disturbi dell'apprendimento,4299,8
/sites/www.studenti.unige.it/files/corsi-perfezionamento/dsa15.pdf,,1,
/sites/www.studenti.unige.it/files/corsi-perfezionamento/domanda%20di%20iscrizione-dsa.doc,,1,
/sites/www.studenti.unige.it/files/corsi-perfezionamento/Contratto%20formativo-dsa_1.doc,,1,
/sites/www.studenti.unige.it/files/corsi-perfezionamento/Dichiarazione%20Codice%20in%20materia%20di%20protezione%20dei%20dati%20personali-dsa.doc,,1,
/sites/www.studenti.unige.it/files/corsi-perfezionamento/Decreto%2010360.pdf,,1,
/node/1120/,EPICT - (XI ed.) selezione prima classe (n.b. per i costi vedi bando),3584,8
/sites/www.studenti.unige.it/files/corsi-perfezionamento/domanda_epict15.doc,,1,
/sites/www.studenti.unige.it/files/corsi-perfezionamento/Contratto_epict15.doc,,1,
/sites/www.studenti.unige.it/files/corsi-perfezionamento/protezionedati_epict15.doc,,1,
/node/1121/,EPICT - XI ed. selezione seconda classe (n.b. per i costi vedi bando),3587,8
/sites/www.studenti.unige.it/files/corsi-perfezionamento/BANDO_EPICT2015_0.pdf,,1,
/sites/www.studenti.unige.it/files/corsi-perfezionamento/domanda_epict15_0.doc,,1,
/sites/www.studenti.unige.it/files/corsi-perfezionamento/Contratto_epict15_0.doc,,1,
/sites/www.studenti.unige.it/files/corsi-perfezionamento/protezionedati_epict15_0.doc,,1,
/node/1137/,Organizzazione di eventi e gestione del turismo locale,4075,8
/sites/www.studenti.unige.it/files/corsi-perfezionamento/domanda.pdf,,1,
/sites/www.studenti.unige.it/files/corsi-perfezionamento/contratto_formativo.pdf,,1,
/sites/www.studenti.unige.it/files/corsi-perfezionamento/dati_personali.pdf,,1,
/sites/www.studenti.unige.it/files/corsi-perfezionamento/turismo15.pdf,,1,
/sites/www.studenti.unige.it/files/corsi-perfezionamento/decreto_proroga_termini.pdf,,1,
/node/960/,"Corso di formazione in ""Diritti Umani"" corso avanzato",2907,2358
/sites/www.studenti.unige.it/files/bando44_corsoav_dirittiu_0.pdf,,1,
/sites/www.studenti.unige.it/files/riapertura_dirittiumani_0.pdf,,1,
/node/961/,"Corso di formazione in ""Diritti Umani"" corso base",2506,134578
/sites/www.studenti.unige.it/files/diritti_umani_ultimo_0.pdf,,1,
/node/971/,"Donne, politica e istituzioni",2807,38
/sites/www.studenti.unige.it/files/Bando%281%29.pdf,,1,
/sites/www.studenti.unige.it/files/Proroga.pdf,,1,
/node/978/,Diritti Umani,3167,8
/sites/www.studenti.unige.it/files/diritti_umani_0.pdf,,1,
/sites/www.studenti.unige.it/files/PROROGA.pdf,,1,
/sites/www.studenti.unige.it/files/decr_riaperturadu_0.pdf,,1,
/node/1005/,Diritti umani,2877,134578
/sites/www.studenti.unige.it/files/dirittiumani.pdf,,1,
/node/1162/,Diritti Umani,2885,3568
/sites/www.studenti.unige.it/files/DIRITTI_UMANI.pdf,,1,
/node/1183/,Corso di perfezionamento in Polizia del Mare,3283,68
/sites/www.studenti.unige.it/files/corsi-perfezionamento/Decreto439%20cso%20perfezionamento.pdf,,1,
/sites/www.studenti.unige.it/files/corsi-perfezionamento/riapertura_polizia_mare.pdf,,1,
/sites/www.studenti.unige.it/files/corsi-perfezionamento/decreto%20proroga%20termini.pdf,,1,
/node/1516/,Programmazione object oriented e linguagggio Java (IX edizione),2950,68
/sites/www.studenti.unige.it/files/Java_DR%203970_23.10.2017.pdf,,1,
/node/1517/,Linguaggio XML (X edizione),2910,3568
/sites/www.studenti.unige.it/files/XML_DR%203968_23.10.2017.pdf,,1,
/node/1518/,Programmazione di base - I fase (X edizione),2949,134578
/sites/www.studenti.unige.it/files/P.%20di%20base%201_DR%203967_23.10.2017.pdf,,1,
/node/1519/,Programmazione di base - II fase - Linguaggio C (II edizione),2970,68
/sites/www.studenti.unige.it/files/P.%20di%20base%202_DR%203965_23.10.2017.pdf,,1,
/node/1529/,Amministratore S.O. Unix/Linux,3366,58
/sites/www.studenti.unige.it/files/Linux_DR%204210_03.11.2017.pdf,,1,
/node/1570/,Scrittura creativa e progettazione di contenuti digitali,2589,123568
/node/941/,Corso di Perfezionamento a distanza in “Traduzione specializzata in campo giuridico” XII edizione,2534,0358
/sites/www.studenti.unige.it/files/corsi-perfezionamento/CP_Trad_Giur_2014_15.pdf,,1,
/node/942/,Corso di Perfezionamento a distanza in “Traduzione specializzata in campo economico della banca e della finanza ” X edizione,2559,
/sites/www.studenti.unige.it/files/corsi-perfezionamento/CP_Trad_Eco_2014_15.pdf,,1,
/node/943/,Corso di Perfezionamento a distanza in “Traduzione tecnica specializzata (elettromeccanica – macchine)” II edizione,2558,
/sites/www.studenti.unige.it/files/corsi-perfezionamento/CP_Trad_Tecnica_2014_15.pdf,,1,
/node/1125/,Processi di  mediazione nelle comunità plurilinguistiche,2958,68
/sites/www.studenti.unige.it/files/corsi-perfezionamento/processi_mediazione071015.pdf,,1,
/sites/www.studenti.unige.it/files/corsi-perfezionamento/Decreto9509_12112015.pdf,,1,
/node/1140/,Traduzione tecnica specializzata (elettromeccanica - macchine) III Edizione (Corso di perfezionamento a distanza),2942,58
/sites/www.studenti.unige.it/files/corsi-perfezionamento/trad_tecnica_elettromec15.pdf,,1,
/sites/www.studenti.unige.it/files/corsi-perfezionamento/proroga_tecnica.pdf,,1,
/node/1592/,"Impiantistica industriale - MIPET - Mastering industrial plant, engineering & technologies (IX ed.)",2870,234568
/node/1606/,Global Rule of Law and Constitutional Democracy (Stato di diritto globale e democrazia costituzionale) – VIII edizione,2700,68
/node/1690/,"Pratiche di Filosofia a scuola, nelle comunità, nelle organizzazioni  I edizione a.a. 2018-2019",2914,123568
/node/1655/,Manager di rete bancaria,2859,2348
/node/1719/,Criminologia e Scienze Psicoforensi - VIII edizione,2893,012368
/node/1731/,Cybersecurity and critical infrastructure protection (II ed.),2683,1568
/node/1701/,Digital Dentistry,2818,0368
/node/936/,Corso di Perfezionamento in Microscopia Operativa Odontoiatrica I edizione,3511,8
/sites/www.studenti.unige.it/files/corsi-perfezionamento/Bando%20Corso%20di%20Perfezionamento%20in%20Microscopia%20Operativa%20Odontoiatrica%20I%20edizione_0.pdf,,1,
/sites/www.studenti.unige.it/files/corsi-perfezionamento/mod_dichsost_attnot%2012-22-20_3.rtf,,1,
/sites/www.studenti.unige.it/files/corsi-perfezionamento/dom_partecipaz_corsoperfdisc%2012-22-20_3.rtf,,1,
/node/926/,"Diritto Tributario - Diritto tributario, accertamento e processo: poteri e garanzie",2893,08
/sites/www.studenti.unige.it/files/corsi-perfezionamento/bandoperfezitributario.pdf,,1,
/sites/www.studenti.unige.it/files/corsi-perfezionamento/decreto16_2014.pdf,,1,
/node/1004/,"Diritto tributario, accertamento e processo: poteri e garanzie (II ed.)",2625,012368
/sites/www.studenti.unige.it/files/corsi-perfezionamento/Bando%20per%20corso%20di%20perfezionamento%20in%20Diritto%20Tributario%202014-15_definitivo.pdf,,1,
/node/1122/,Global Rule of Law and Costitutional Democracy,2241,0368
/sites/www.studenti.unige.it/files/corsi-perfezionamento/Global%20_Democracy.pdf,,1,
/node/925/,"A distanza (e-learning): ""Global Rule of Law and Constitutional Democracy""  (Stato di diritto globale e democrazia costituzionale)",3846,8
/sites/www.studenti.unige.it/files/corsi-perfezionamento/Global_Rule_Law_Constitutional_Democracy_A_distanza.pdf,,1,
/sites/www.studenti.unige.it/files/corsi-perfezionamento/riaperturaPerfezion%20a%20distanza%20%28e-LEARNING%29%20in%20Global%20rule.pdf,,1,
/sites/www.studenti.unige.it/files/corsi-perfezionamento/Seconda_riapertura_Global_Rule_Law_Constitutional_Democracy_A_distanza.pdf,,1,
/sites/www.studenti.unige.it/files/corsi-perfezionamento/Terza_riapertura_Global_Rule_Law_Constitutional_Democracy_A_distanza.pdf,,1,
/node/1159/,Aggiornamenti legislativi e giurisprudenziali per la preparazione al concorso in magistratura,2580,013568
/sites/www.studenti.unige.it/files/corsi-perfezionamento/Aggiornamenti%20legislativi%20e%20giurisprudenziali.pdf,,1,
/node/1179/,Start Up innovative: tecniche e strumenti operativi per creare nuove imprese,2144,023678
/sites/www.studenti.unige.it/files/corsi-perfezionamento/startup2016.pdf,,1,
/node/1226/,Approcci e metodi per la didattica delle discipline classiche,2235,1368
/sites/www.studenti.unige.it/files/corsi-perfezionamento/Bando.pdf,,1,
/node/1404/,Diritto sportivo e penale dello sport,2538,0368
/sites/www.studenti.unige.it/files/corsi-perfezionamento/Bando_Diritto_sportivo_penale_sport_firmato_protocollato.pdf,,1,
/node/1436/,Approcci e metodi per la didattica delle discipline classiche,2479,013568
/sites/www.studenti.unige.it/files/corsi-perfezionamento/Perf%202018.pdf,,1,
/node/1537/,"Corso di perfezionamento in Diritto, Economia e Tecnologie per l’Ambiente II Edizione",2222,134568
/sites/www.studenti.unige.it/files/corsi-perfezionamento/bando%20DIRECTA%202%281%29.pdf,,1,
/node/1532/,Criminalistica – Analisi della scena del crimine” I edizione,2991,1368
/sites/www.studenti.unige.it/files/corsi-perfezionamento/DEC_4447-2017_bando_Criminalistica.pdf,,1,
/sites/www.studenti.unige.it/files/corsi-perfezionamento/DEC_1173-2018_riapertura%20bando_Criminalistica.pdf,,1,
/node/1588/,Start Up Innovative: tecniche e strumenti operativi per creare nuove imprese,2210,134568
/sites/www.studenti.unige.it/files/corsi-perfezionamento/bando_START%20UP_febb%202018.pdf,,1,
/node/1465/,Aggiornamenti legislativi e giurisprudenziali per la preparazione al corso di magistratura (VII Edizione),2573,012345678
/sites/www.studenti.unige.it/files/corsi-perfezionamento/Bando_Aggiornamenti_VII%20ed._firmato.pdf,,1,
/node/1364/,Esperto in interventi assistiti con il cavallo (I edizione),2947,38
/sites/www.studenti.unige.it/files/corsi-perfezionamento/Bando_cavallo.pdf,,1,
/sites/www.studenti.unige.it/files/corsi-perfezionamento/Decreto%20riapertura%20termini%20esperto%20interventi%20cavallo.pdf,,1,
/node/1464/,Start Up innovative: tecniche e strumenti operativi per creare nuove imprese,2168,013568
/sites/www.studenti.unige.it/files/corsi-perfezionamento/bando_START%20UP_2_def.pdf,,1,
/node/1330/,Aggiornamenti legislativi e giurisprudenziali per la preparazione al concorso in magistratura - VI edizione,2933,123578
/sites/www.studenti.unige.it/files/corsi-perfezionamento/aggiornamenti_16_0.pdf,,1,
/sites/www.studenti.unige.it/files/corsi-perfezionamento/Decreto_riapertura_termini.pdf,,1,
/node/1265/,Diritto Immobiliare e Disciplina del Condominio a.a. 2016/2017,1989,68
/sites/www.studenti.unige.it/files/corsi-perfezionamento/bando_diritto%20imm%20e%20cond%202016.pdf,,1,
/node/1071/,Approcci e metodi per la didattica delle discipine classiche,2521,013568
/sites/www.studenti.unige.it/files/corsi-perfezionamento/Approcci%20e%20%20metodi%202015_2016.pdf,,1,
/node/1042/,Economia del farmaco e della salute (Advanced Pharmaco & Health Economics - APHEC),2147,0368
/sites/www.studenti.unige.it/files/corsi-perfezionamento/bandorev.pdf,,1,
/node/924/,"Presenziale: ""Global Rule of Law and Constitutional Democracy"" (Stato di diritto globale e democrazia costituzionale)",2383,1368
/sites/www.studenti.unige.it/files/corsi-perfezionamento/Global_Rule_Law_Constitutional_Democracy_Presenziale.pdf,,1,
/node/863/,"Cultura classica e tradizione europea, con orientamenti didattici",2259,013568
/sites/www.studenti.unige.it/files/corsi-perfezionamento/bandocult14%281%29.pdf,,1,
/node/927/,Approcci e metodi per la didattica delle discipline classiche,2863,123578
/sites/www.studenti.unige.it/files/corsi-perfezionamento/bandodid.pdf,,1,
/sites/www.studenti.unige.it/files/corsi-perfezionamento/decreto%20proroga%202014.pdf,,1,
/node/874/,Aggiornamenti legislativi e giurisprudenziali per la preparazione al concorso in magistratura (IV ed.),2549,013568
/sites/www.studenti.unige.it/files/corsi-perfezionamento/bando_concorso_magistratura14.pdf,,1,
/node/977/,Training Motorways of the Sea - TrainMoS,1935,0168
/sites/www.studenti.unige.it/files/cf-trainmos-30012013_0.pdf,,1,
/node/969/,Corso di formazione per direttori di azienda sanitaria,2162,134578
/sites/www.studenti.unige.it/files/Dir_Az_San_0.pdf,,1,
/node/984/,Innovazioni nella contabilità e finanza pubblica e l'armonizzazione dei bilanci pubblici,2373,08
/sites/www.studenti.unige.it/files/Innovazione_contabilita_0_0.pdf,,1,
/sites/www.studenti.unige.it/files/55_del_03_06_2014_2.pdf,,1,
/node/980/,La previdenza complementare nel pubblico impiego,2797,68
/sites/www.studenti.unige.it/files/bando_corso_previdenza_complementare_0.pdf,,1,
/sites/www.studenti.unige.it/files/proroga_bando_corso_previdenza_complementare-3_0.pdf,,1,
/node/1207/,Corso di formazione manageriale per dirigenti di struttura complessa,3016,8
/sites/www.studenti.unige.it/files/bando_dirigenti_strutturacomplessa16.pdf,,1,
/sites/www.studenti.unige.it/files/decreto_riapaertura_amas16.pdf,,1,
/node/1305/,Corso di rivalidazione del certificato di formazione manageriale per dirigenti di struttura complessa (ambito del piano formativo dell' AMAS),2288,3568
/sites/www.studenti.unige.it/files/bando%20AMAS%20rivalidazione_web2.pdf,,1,
/node/1363/,Sviluppo delle persone nelle organizzazioni,2377,3568
/sites/www.studenti.unige.it/files/568_21.02.2017_decreto_attivazione_HR.pdf,,1,
/node/1420/,"Tutela del consumatore, codice di consumo e mercato europeo",2985,134578
/sites/www.studenti.unige.it/files/1768%2020_5_2017bando_diritto%20del%20consumo.pdf,,1,
/node/1442/,Formazione in Servizio: Scuola e Università per la valorizzazione degli Insegnanti - Sessione autunnale 2017,3479,68
/sites/www.studenti.unige.it/files/2017_bando_scuola_sessione%20autunno%20def.pdf,,1,
/node/1535/,Corso di Rivalidazione del Certificato di Formazione Manageriale per Dirigenti di Struttura Complessa,2724,68
/sites/www.studenti.unige.it/files/amas%20rivalidazione_formazione_dirigenti_struttura_complessa17.pdf,,1,
/node/1345/,"Catalogo Corsi di aggiornamento per docenti della scuola ai sensi della direttiva MIUR 170/2016 (sessione primaverile 2017) per dettaglio scadenze, costi e info vedi bando",2869,134578
/sites/www.studenti.unige.it/files/2017_bando_suola_sessione%20primaverile_finale.pdf,,1,
/node/1391/,Il professionista europeo della provacy - Data Protection Office (DPO) - (I Edizione),3075,068
/sites/www.studenti.unige.it/files/DPO.pdf,,1,
/node/1388/,AMAS - Corso di formazione manageriale per Dirigenti di struttura complessa,3005,0368
/sites/www.studenti.unige.it/files/AMAS_%20bando%20_corso%20base_2017_finale.pdf,,1,
/node/1358/,Riconoscere e gestire i conflitti nei gruppi e nelle organizzazioni,2434,68
/sites/www.studenti.unige.it/files/389%20del%209_2_17_decreto_attivazione_conflitti_FTO.pdf,,1,
/node/1008/,Scuola dell’infanzia e primaria: dirigenti scolastici e insegnanti verso un nuovo ambiente di sviluppo professionale,2482,68
/sites/www.studenti.unige.it/files/DR%20447%205_2_2015_Scuola%20Comunicazione%20INPSf-1.pdf,,1,
/node/1007/,Management pubblico per il personale direttivo e docente della scuola dell’infanzia e primaria,2434,68
/sites/www.studenti.unige.it/files/DR%20448%205_2_2015%20Scuola%20MNG_INPS.pdf,,1,
/node/1025/,Diritto immobiliare e condominiale,3255,8
/sites/www.studenti.unige.it/files/bando_dirittoimm_cond0220315.pdf,,1,
/node/983/,Programmazione e controllo nel settore pubblico,2334,08
/sites/www.studenti.unige.it/files/programmazione_controllo_1_0.pdf,,1,
/sites/www.studenti.unige.it/files/55_del_03_06_2014_1.pdf,,1,
/node/982/,Project management nella Pubblica Amministrazione,2298,08
/sites/www.studenti.unige.it/files/project_0.pdf,,1,
/sites/www.studenti.unige.it/files/55_del_03_06_2014_0.pdf,,1,
/node/955/,Il sistema integrato dei servizi socio assistenziali,2764,8
/sites/www.studenti.unige.it/files/bando_welfare_serv_socioass_2014_0.pdf,,1,
/sites/www.studenti.unige.it/files/riapertura%20_servsocioass14_0.pdf,,1,
/node/981/,Gestione e valorizzazione del patrimonio immobiliare pubblico,2787,68
/sites/www.studenti.unige.it/files/bando_corso_patrimonio_immobiliare_PA%283%29_0.pdf,,1,
/sites/www.studenti.unige.it/files/patrimonio_immobiliare_riap_0.pdf,,1,
/node/985/,"Benessere personale e benessere organizzativo. Comunicativo interna ed esterna, clim, stili e linguaggi per nuovi comportamenti nelle organizzazioni",2409,08
/sites/www.studenti.unige.it/files/benessere14_1_0.pdf,,1,
/sites/www.studenti.unige.it/files/55_del_03_06_2014_3.pdf,,1,
/LAVORO/tirocini/,Tirocini,3004,
/lavoro/tirocini/extracurriculari/,Tirocinio extracurriculare,7124,
/postlaurea/dottorati/XXXIV/IT,,1,
/postlaurea/dottorati/XXXIV/EN/,,1,
/postlaurea/dottorati/XXXIV/CH/,,1,
/postlaurea/dottorati/XXXIV/gradit/,,1,
/postlaurea/dottorati/XXXIV/graden/,,1,
/node/1726/,Aggiornamenti legislativi e giurisprudenziali per la preparazione al concorso in magistratura,2559,0168
/sites/www.studenti.unige.it/files/corsi-perfezionamento/Bando_Aggiornamenti_legislativi_giuri.pdf,,1,
/node/1709/,Criminalistica - Analisi della scena del crimine II edizione,2351,0268
/sites/www.studenti.unige.it/files/corsi-perfezionamento/DEC%205843-2018_Criminalistica%202018.19.pdf,,1,
/postlaurea/perfezionamento/modperfez/,Normativa e modulistica per i corsi di perfezionamento,2263,58
/postlaurea/perfezionamento/,,1,
/attivita/tutorato/didattici/,Tutor didattici,1121,0368
/attivita/tutorato/didattici/chicosa/,,1,
/attivita/tutorato/didattici/area/,,1,
/node/945/,Corso di Perfezionamento in “Telecomunicazioni” - IV edizione,2476,012345678
/sites/www.studenti.unige.it/files/corsi-perfezionamento/CP_TLC_14.15.pdf,,1,
/node/923/,Corso di perfezionamento e aggiornamento professionale in fotografia,2506,012345678
/sites/www.studenti.unige.it/files/corsi-perfezionamento/bando_corso%20fotografia_.pdf,,1,
/node/928/,Chirurgia delle Malattie dei Linfatici e Microchirurgia - IX edizione,2501,013568
/sites/www.studenti.unige.it/files/corsi-perfezionamento/perf_chirurgia_linfatici.pdf,,1,
/node/1020/,Posturologia clinica: dalle tecniche manuali al laser (II ed.),2520,0168
/sites/www.studenti.unige.it/files/corsi-perfezionamento/posturologia_clinica_manuali_laser.pdf,,1,
/node/1242/,Tutor per le difficoltà e i disturbi dell'apprendimento,3958,8
/sites/www.studenti.unige.it/files/corsi-perfezionamento/Decreto%202191%20bando%20perfezionamento%20tutor%20dsa.pdf,,1,
/sites/www.studenti.unige.it/files/corsi-perfezionamento/Contratto%20formativo.doc,,1,
/sites/www.studenti.unige.it/files/corsi-perfezionamento/Dichiarazione%20Codice%20in%20materia%20di%20protezione%20dei%20dati%20personali_0.doc,,1,
/sites/www.studenti.unige.it/files/corsi-perfezionamento/Modello%20di%20iscrizione.doc,,1,
/node/1308/,Didattica e psicopedagogia per alunni con disturbo dello spettro autistico (II Edizione) - per dettaglio costi vedere art.5 del bando,2646,013568
/node/1316/,Didattica e psicopedagogia per alunni con disturbo dello spettro autistico,3909,8
/sites/www.studenti.unige.it/files/corsi-perfezionamento/bando%20.pdf,,1,
/sites/www.studenti.unige.it/files/corsi-perfezionamento/Modello%20di%20iscrizione.docx/,,1,
/sites/www.studenti.unige.it/files/corsi-perfezionamento/Contratto%20formativo.docx/,,1,
/sites/www.studenti.unige.it/files/corsi-perfezionamento/Dichiarazione%20Codice%20in%20materia%20di%20protezione%20dei%20dati%20personali.docx/,,1,
/node/1338/,EPICT - Certificazione Pedagogica Europea sull'uso delle Tecnologie Digitali - XII Edizione: tecnologie digitali per i bisogni speciali (per dettaglio costi vedi bando),4371,8
/sites/www.studenti.unige.it/files/corsi-perfezionamento/epct_2017_bando.pdf,,1,
/sites/www.studenti.unige.it/files/corsi-perfezionamento/epct%20domanda%20sdf.docx/,,1,
/sites/www.studenti.unige.it/files/corsi-perfezionamento/epct%202017%20Dichiarazione%20Codice%20in%20materia%20di%20protezione%20dei%20dati%20personali-2.doc,,1,
/sites/www.studenti.unige.it/files/corsi-perfezionamento/contratto%20formativo%20sdf.docx/,,1,
/sites/www.studenti.unige.it/files/corsi-perfezionamento/Dcreto%20n%20974%20del%2020-03-2017.pdf,,1,
/node/1368/,EPICT - Certificazione Pedagogica Europea sull'uso delle Tecnologie Digitali - VI Edizione: Coding e Robotica educativa (per il dettaglio dei costi: vedi bando),2903,012345678
/node/1439/,Organizzazione e gestione delle istituzioni scolastiche in contesti multiculturali (I edizione),3351,68
/node/1441/,Organizzazione e gestione delle istituzioni scolastiche in contesti multiculturali - I edizione,3396,68
/sites/www.studenti.unige.it/files/corsi-perfezionamento/bando%20corso%20di%20perfezionamento.pdf,,1,
/sites/www.studenti.unige.it/files/corsi-perfezionamento/decreto%202772%20riapertura%20termini%20perfezionamento.pdf,,1,
/sites/www.studenti.unige.it/files/corsi-perfezionamento/nota%20miur.pdf,,1,
/node/1558/,"Esperto in progettazione, conduzione e valutazione di interventi socio educativi e di inclusione lavorativa, Ied.",2998,0368
/node/900/,Progettista Edile – Esperto in efficientamento energetico e sostenibilità per il building - a.a.2014/15,3627,58
/node/970/,University of Genoa Summer School in collaboration with San Rocco,3267,38
/sites/www.studenti.unige.it/files/bando_summer_school_dsa_0.pdf,,1,
/sites/www.studenti.unige.it/files/decrurg_varnumpart_0.pdf,,1,
/sites/www.studenti.unige.it/files/decrurgenza_termini_0.pdf,,1,
/node/1018/,"Corso tematico di perfezionamento e aggiornamento professionale in fotografia, architettura e e paesaggio",2905,035678
/sites/www.studenti.unige.it/files/corsi-perfezionamento/fotografia_arch_paesaggio.pdf,,1,
/sites/www.studenti.unige.it/files/corsi-perfezionamento/elenco_ammessi.pdf,,1,
/node/1061/,Aggiornamento professionale in fotografia,2455,0368
/sites/www.studenti.unige.it/files/corsi-perfezionamento/fotografia2015.pdf,,1,
/node/1177/,"Perfezionamento e aggiornamento professionale in fotografia, tematico: Reportage",2503,012345678
/sites/www.studenti.unige.it/files/corsi-perfezionamento/Fotografia_reportage.pdf,,1,
/node/1244/,Perfezionamento e aggiornamento professionale in fotografia,2489,013568
/sites/www.studenti.unige.it/files/corsi-perfezionamento/Bando%20foto%20base2016.pdf,,1,
/node/1361/,Fotografia - fotografo di scena,2470,012345678
/sites/www.studenti.unige.it/files/corsi-perfezionamento/DD468_bando%20foto%20di%20scena.pdf,,1,
/node/1446/,Corso di perfezionamento e aggiornamento professionale in fotografia,2500,013568
/sites/www.studenti.unige.it/files/corsi-perfezionamento/2017_Bando%20foto%20base.pdf,,1,
/node/1546/,Advanced Welding Engineering (MAWE) II edizioni,2829,012345678
/node/1619/,FROSIO Italia: formazione di ispettori di collaudo di cicli vernicianti per la protezione dalla corrosione (XI ed.),3400,8
/node/1548/,Appalti e contratti pubblici. Approfondimenti a livello applicativo e giurisprudenziale della disciplina in tema di appalti e contratti pubblici e quanto al relativo contenzioso (I ed.),2852,134578
/node/1501/,Corso di formazione e qualificazione FROSIO Italia,2592,68
/node/885/,Cyber-Security and Data Protection,3479,8
/node/916/,System Engineering for Maritime Technologies - FORTEMARE,2766,012345678
/node/1072/,International Master in advanced aeshetic and restorative dentistry 2015/2016,2798,013568
/node/1205/,Impiantistica industriale - MIPET (Mastering Industrial Plant Engineering & Technologies) VII Ed.,2821,012345678
/node/1393/,International Master in Advanced Aesthetic and Restorative Dentistry II edizione,2852,012345678
/node/1560/,Biologo nutrizionista esperto in approcci integrati alla salute umana. I ed.,2648,012345678
/node/1562/,Il Building information modelling (BIM) per l'approccio smart al processo edilizio. I ed.,2605,0358
/node/1564/,"IAS - Inquinamento, Ambiente, Salute. I ed.",2604,012345678
/node/1567/,Management della trasformazione e qualità del prodotto ittico e agroalimentare - I ed.,2662,0368
/node/1568/,Management of chemicals,2600,
/node/1569/,Responsabili di struttura per l’accoglienza di rifugiati richiedenti asilo e titolari di protezione internazionale,2641,023678
/node/1571/,"Ship Agency management, finance and operations - I ed.",2590,012345678
/node/1572/,System engineering for maritime technologies - FORTEMARE” III ed.,2986,38
/node/1580/,International Master in Implantology and Prosthodontics (I Ed.),2875,013568
/node/1431/,Implantoprotesi (VI edizione),2842,134568
/node/1469/,Criminologia e scienze psicoforensi - VII edizione,2811,0368
/node/1470/,Oncoplastica mammaria e trattamenti integrati (IV Edizione),2851,0368
/node/1477/,Hospitalist. Il governo della complessità in medicina interna ospedaliera,3259,123578
/node/1509/,Clinica linfologica chirurgia dei linfatici e microchirurgia - XIII edizione,2906,013568
/node/1552/,Psicologo per la presa in carico della famiglia con figlio autistico e l’organizzazione di percorsi psicoeducativi per adolescenti e adulti con ASD (Autism Spectrum Disorder) I ed.,2720,012345678
/node/1554/,"Esperto in Meeting Incentives Conferences Exhibitions (MICE): progettazione, gestione e realizzazione di eventi aggregativi, I ed.",2681,012345678
/node/1555/,"Internet of Things and Big Data, I ed.",3736,8
/node/1556/,"Cybersecurity and critical infrastructure protection, I Ed.",2959,234568
/node/1215/,Geomatica Marina (tecnologie avanzate applicate nell'ambito marino),2562,0368
/node/1230/,Global Rule of Law and Constitutional Democracy - VI edizione,2546,0368
/node/1267/,"Clinica linfologica, chirurgia dei linfatici e microchirurgia  XII edizione",2848,013568
/node/1268/,Master Universitario in Implantoprotesi V edizione,2827,012345678
/node/1284/,"Management of Chemicals (Reach): processi, controllo e gestione - ManChe",3214,2358
/node/1341/,"Impiantistica Industriale - MIPET - Mastering Industrial Plant, Engineering & Technologies - VIII Edizione",2875,012345678
/node/1359/,Cyber security and data protection (III edizione),2862,134568
/node/1371/,Global Rule of Law and Constitutional Democracy - VII Edizione,2788,0368
/node/1389/,Indicazioni e tecniche di impianto dell'accesso vascolare in neonatologia e pediatria (I edizione),3213,0368
/node/1087/,"Clinica Linfologica, chirurgia dei linfatici e microchirurgia XI edizione",3440,013568
/node/1089/,Criminologia e scienze psicoforensi (VI ed.),3143,123578
/node/1099/,Nanobiotechnolgy,2758,012345678
/node/1124/,Implantoprotesi (IV ed.),2753,012345678
/node/1134/,Emostasi e trombosi (IX edizione),3123,2358
/node/1135/,Oncoplastica mammaria e trattamenti integrati (III Ed.),3620,38
/node/1136/,Advanced Welding Engineering (MAWE),3142,013568
/node/1171/,Cyber- Security and Data Protection - II edizione,3497,8
/node/1197/,International Master in laser Dentistry - IV edizione,2787,013568
/node/1026/,Scienze di Polizia,2518,012345678
/node/1033/,Global Rule of Law and Constitutional Democracy (Stato di diritto globale e democrazia costituzionale) V edizione,3193,0368
/node/1038/,"Impiantistica industriale - MIPET - Mastering Industrial Plant, Engineering & Technologies",3184,012345678
/node/888/,System Engineering for Maritime Technologies - FORTEMARE,2768,012345678
/node/901/,System Engineering e project management - V edizione - a.a. 2014/2015,2806,012345678
/node/902/,Geomatica marina (Tecnologie avanzate applicate nell'ambito marino),2788,012345678
/node/903/,Advanced welding engineering,3121,123578
/node/907/,"Impiantistica industriale - MIPET - Mastering industrial plant, engineering & technologies - V edizione",3240,012345678
/node/1534/,"Corso di formazione manageriale per il top management della sanità (Direttori Generali, Direttori Sanitari, Direttori Amministrativi e Direttori Sociosanitari)",2702,68
/sites/www.studenti.unige.it/files/amas%20top_management17.pdf,,1,
